tax_category,dependent_count,min_amount,max_amount,calculation_type,fixed_tax_amount,parameters,sort_order
ko,0,0,111000,fixed,0,,1
ko,0,111000,113000,fixed,140,,2
ko,0,113000,115000,fixed,250,,3
ko,0,115000,117000,fixed,350,,4
ko,0,117000,119000,fixed,450,,5
ko,0,119000,121000,fixed,550,,6
ko,0,121000,123000,fixed,650,,7
ko,0,123000,125000,fixed,760,,8
ko,0,125000,127000,fixed,860,,9
ko,0,127000,129000,fixed,960,,10
ko,0,129000,131000,fixed,1060,,11
ko,0,131000,133000,fixed,1160,,12
ko,0,133000,135000,fixed,1270,,13
ko,0,135000,137000,fixed,1370,,14
ko,0,137000,139000,fixed,1470,,15
ko,0,139000,141000,fixed,1570,,16
ko,0,141000,143000,fixed,1670,,17
ko,0,143000,145000,fixed,1780,,18
ko,0,145000,147000,fixed,1880,,19
ko,0,147000,149000,fixed,1980,,20
ko,0,149000,151000,fixed,2080,,21
ko,0,151000,153000,fixed,2180,,22
ko,0,153000,155000,fixed,2290,,23
ko,0,155000,157000,fixed,2390,,24
ko,0,157000,159000,fixed,2490,,25
ko,0,159000,161000,fixed,2590,,26
ko,0,161000,163000,fixed,2700,,27
ko,0,163000,165000,fixed,2800,,28
ko,0,165000,167000,fixed,2900,,29
ko,0,167000,169000,fixed,3000,,30
ko,0,169000,171000,fixed,3090,,31
ko,0,171000,173000,fixed,3170,,32
ko,0,173000,175000,fixed,3240,,33
ko,0,175000,177000,fixed,3310,,34
ko,0,177000,179000,fixed,3380,,35
ko,0,179000,181000,fixed,3450,,36
ko,0,181000,183000,fixed,3520,,37
ko,0,183000,185000,fixed,3590,,38
ko,0,185000,187000,fixed,3670,,39
ko,0,187000,189000,fixed,3740,,40
ko,0,189000,191000,fixed,3810,,41
ko,0,191000,193000,fixed,3880,,42
ko,0,193000,195000,fixed,3950,,43
ko,0,195000,197000,fixed,4020,,44
ko,0,197000,199000,fixed,4090,,45
ko,0,199000,201000,fixed,4170,,46
ko,0,201000,203000,fixed,4240,,47
ko,0,203000,205000,fixed,4310,,48
ko,0,205000,207000,fixed,4380,,49
ko,0,207000,209000,fixed,4450,,50
ko,0,209000,211000,fixed,4520,,51
ko,0,211000,213000,fixed,4590,,52
ko,0,213000,215000,fixed,4670,,53
ko,0,215000,217000,fixed,4740,,54
ko,0,217000,219000,fixed,4810,,55
ko,0,219000,221000,fixed,4880,,56
ko,0,221000,224000,fixed,4970,,57
ko,0,224000,227000,fixed,5080,,58
ko,0,227000,230000,fixed,5190,,59
ko,0,230000,233000,fixed,5300,,60
ko,0,233000,236000,fixed,5400,,61
ko,0,236000,239000,fixed,5510,,62
ko,0,239000,242000,fixed,5620,,63
ko,0,242000,245000,fixed,5730,,64
ko,0,245000,248000,fixed,5830,,65
ko,0,248000,251000,fixed,5940,,66
ko,0,251000,254000,fixed,6040,,67
ko,0,254000,257000,fixed,6160,,68
ko,0,257000,260000,fixed,6260,,69
ko,0,260000,263000,fixed,6370,,70
ko,0,263000,266000,fixed,6470,,71
ko,0,266000,269000,fixed,6590,,72
ko,0,269000,272000,fixed,6690,,73
ko,0,272000,275000,fixed,6800,,74
ko,0,275000,278000,fixed,6900,,75
ko,0,278000,281000,fixed,7010,,76
ko,0,281000,284000,fixed,7120,,77
ko,0,284000,287000,fixed,7230,,78
ko,0,287000,290000,fixed,7330,,79
ko,0,290000,293000,fixed,7440,,80
ko,0,293000,296000,fixed,7550,,81
ko,0,296000,299000,fixed,7660,,82
ko,0,299000,302000,fixed,7760,,83
ko,0,302000,305000,fixed,7880,,84
ko,0,305000,308000,fixed,8000,,85
ko,0,308000,311000,fixed,8130,,86
ko,0,311000,314000,fixed,8250,,87
ko,0,314000,317000,fixed,8450,,88
ko,0,317000,320000,fixed,8700,,89
ko,0,320000,323000,fixed,8940,,90
ko,0,323000,326000,fixed,9190,,91
ko,0,326000,329000,fixed,9430,,92
ko,0,329000,332000,fixed,9680,,93
ko,0,332000,335000,fixed,9920,,94
ko,0,335000,338000,fixed,10170,,95
ko,0,338000,341000,fixed,10410,,96
ko,0,341000,344000,fixed,10660,,97
ko,0,344000,347000,fixed,10900,,98
ko,0,347000,350000,fixed,11150,,99
ko,0,350000,353000,fixed,11390,,100
ko,0,353000,356000,fixed,11640,,101
ko,0,356000,359000,fixed,11880,,102
ko,0,359000,362000,fixed,12130,,103
ko,0,362000,365000,fixed,12370,,104
ko,0,365000,368000,fixed,12620,,105
ko,0,368000,371000,fixed,12860,,106
ko,0,371000,374000,fixed,13110,,107
ko,0,374000,377000,fixed,13350,,108
ko,0,377000,380000,fixed,13600,,109
ko,0,380000,383000,fixed,13840,,110
ko,0,383000,386000,fixed,14090,,111
ko,0,386000,389000,fixed,14330,,112
ko,0,389000,392000,fixed,14580,,113
ko,0,392000,395000,fixed,14820,,114
ko,0,395000,398000,fixed,15070,,115
ko,0,398000,401000,fixed,15320,,116
ko,0,401000,404000,fixed,15560,,117
ko,0,404000,407000,fixed,15810,,118
ko,0,407000,410000,fixed,16050,,119
ko,0,410000,413000,fixed,16300,,120
ko,0,413000,416000,fixed,16540,,121
ko,0,416000,419000,fixed,16790,,122
ko,0,419000,422000,fixed,17030,,123
ko,0,422000,425000,fixed,17280,,124
ko,0,425000,428000,fixed,17520,,125
ko,0,428000,431000,fixed,17770,,126
ko,0,431000,434000,fixed,18010,,127
ko,0,434000,437000,fixed,18260,,128
ko,0,437000,440000,fixed,18500,,129
ko,0,440000,443000,fixed,18750,,130
ko,0,443000,446000,fixed,18990,,131
ko,0,446000,449000,fixed,19240,,132
ko,0,449000,452000,fixed,19480,,133
ko,0,452000,455000,fixed,19730,,134
ko,0,455000,458000,fixed,20160,,135
ko,0,458000,461000,fixed,20650,,136
ko,0,461000,464000,fixed,21140,,137
ko,0,464000,467000,fixed,21630,,138
ko,0,467000,470000,fixed,22130,,139
ko,0,470000,473000,fixed,22620,,140
ko,0,473000,476000,fixed,23110,,141
ko,0,476000,479000,fixed,23600,,142
ko,0,479000,482000,fixed,24090,,143
ko,0,482000,485000,fixed,24580,,144
ko,0,485000,488000,fixed,25070,,145
ko,0,488000,491000,fixed,25560,,146
ko,0,491000,494000,fixed,26050,,147
ko,0,494000,497000,fixed,26540,,148
ko,0,497000,500000,fixed,27030,,149
ko,0,500000,503000,fixed,27520,,150
ko,0,503000,506000,fixed,28010,,151
ko,0,506000,509000,fixed,28500,,152
ko,0,509000,512000,fixed,28990,,153
ko,0,512000,515000,fixed,29480,,154
ko,0,515000,518000,fixed,29970,,155
ko,0,518000,521000,fixed,30460,,156
ko,0,521000,524000,fixed,30950,,157
ko,0,524000,527000,fixed,31440,,158
ko,0,527000,530000,fixed,31930,,159
ko,0,530000,533000,fixed,32420,,160
ko,0,533000,536000,fixed,32910,,161
ko,0,536000,539000,fixed,33400,,162
ko,0,539000,542000,fixed,33890,,163
ko,0,542000,545000,fixed,34380,,164
ko,0,545000,548000,fixed,34870,,165
ko,0,548000,551000,fixed,35360,,166
ko,0,551000,554000,fixed,35900,,167
ko,0,554000,557000,fixed,36450,,168
ko,0,557000,560000,fixed,37000,,169
ko,0,560000,563000,fixed,37550,,170
ko,0,563000,566000,fixed,38100,,171
ko,0,566000,569000,fixed,38660,,172
ko,0,569000,572000,fixed,39210,,173
ko,0,572000,575000,fixed,39760,,174
ko,0,575000,578000,fixed,40310,,175
ko,0,578000,581000,fixed,40860,,176
ko,0,581000,584000,fixed,41410,,177
ko,0,584000,587000,fixed,41960,,178
ko,0,587000,590000,fixed,42510,,179
ko,0,590000,593000,fixed,43070,,180
ko,0,593000,596000,fixed,43620,,181
ko,0,596000,599000,fixed,44170,,182
ko,0,599000,602000,fixed,44720,,183
ko,0,602000,605000,fixed,45270,,184
ko,0,605000,608000,fixed,45820,,185
ko,0,608000,611000,fixed,46370,,186
ko,0,611000,614000,fixed,46930,,187
ko,0,614000,617000,fixed,47480,,188
ko,0,617000,620000,fixed,48030,,189
ko,0,620000,623000,fixed,48580,,190
ko,0,623000,626000,fixed,49130,,191
ko,0,626000,629000,fixed,49680,,192
ko,0,629000,632000,fixed,50230,,193
ko,0,632000,635000,fixed,50780,,194
ko,0,635000,638000,fixed,51340,,195
ko,0,638000,641000,fixed,51890,,196
ko,0,641000,644000,fixed,52440,,197
ko,0,644000,647000,fixed,52990,,198
ko,0,647000,650000,fixed,53540,,199
ko,0,650000,653000,fixed,54090,,200
ko,0,653000,656000,fixed,54640,,201
ko,0,656000,659000,fixed,55200,,202
ko,0,659000,662000,fixed,55750,,203
ko,0,662000,665000,fixed,56300,,204
ko,0,665000,668000,fixed,56850,,205
ko,0,668000,671000,fixed,57400,,206
ko,0,671000,674000,fixed,57950,,207
ko,0,674000,677000,fixed,58500,,208
ko,0,677000,680000,fixed,59050,,209
ko,0,680000,683000,fixed,59610,,210
ko,0,683000,686000,fixed,60160,,211
ko,0,686000,689000,fixed,60710,,212
ko,0,689000,692000,fixed,61260,,213
ko,0,692000,695000,fixed,61810,,214
ko,0,695000,698000,fixed,62360,,215
ko,0,698000,701000,fixed,62910,,216
ko,0,701000,704000,fixed,63470,,217
ko,0,704000,707000,fixed,64020,,218
ko,0,707000,710000,fixed,64570,,219
ko,0,710000,713000,fixed,65180,,220
ko,0,713000,716000,fixed,65790,,221
ko,0,716000,719000,fixed,66410,,222
ko,0,719000,722000,fixed,67020,,223
ko,0,722000,725000,fixed,67630,,224
ko,0,725000,728000,fixed,68240,,225
ko,0,728000,731000,fixed,68860,,226
ko,0,731000,734000,fixed,69470,,227
ko,0,734000,737000,fixed,70080,,228
ko,0,737000,740000,fixed,70690,,229
ko,0,740000,790000,marginal_round_10,,"{""base_amount"":740000,""base_tax"":71000,""rate_numerator"":2042,""rate_denominator"":10000}",230
ko,0,790000,960000,marginal_round_10,,"{""base_amount"":790000,""base_tax"":81210,""rate_numerator"":23483,""rate_denominator"":100000}",231
ko,0,960000,1720000,marginal_round_10,,"{""base_amount"":960000,""base_tax"":121130,""rate_numerator"":33693,""rate_denominator"":100000}",232
ko,0,1720000,2130000,marginal_round_10,,"{""base_amount"":1720000,""base_tax"":377200,""rate_numerator"":4084,""rate_denominator"":10000}",233
ko,0,2130000,2170000,marginal_round_10,,"{""base_amount"":2130000,""base_tax"":549410,""rate_numerator"":4084,""rate_denominator"":10000}",234
ko,0,2170000,2210000,marginal_round_10,,"{""base_amount"":2170000,""base_tax"":571190,""rate_numerator"":4084,""rate_denominator"":10000}",235
ko,0,2210000,2250000,marginal_round_10,,"{""base_amount"":2210000,""base_tax"":592970,""rate_numerator"":4084,""rate_denominator"":10000}",236
ko,0,2250000,3500000,marginal_round_10,,"{""base_amount"":2250000,""base_tax"":614740,""rate_numerator"":4084,""rate_denominator"":10000}",237
ko,0,3500000,,marginal_round_10,,"{""base_amount"":3500000,""base_tax"":1125240,""rate_numerator"":45945,""rate_denominator"":100000}",238
ko,1,0,111000,fixed,0,,239
ko,1,111000,113000,fixed,0,,240
ko,1,113000,115000,fixed,0,,241
ko,1,115000,117000,fixed,0,,242
ko,1,117000,119000,fixed,0,,243
ko,1,119000,121000,fixed,0,,244
ko,1,121000,123000,fixed,0,,245
ko,1,123000,125000,fixed,0,,246
ko,1,125000,127000,fixed,0,,247
ko,1,127000,129000,fixed,0,,248
ko,1,129000,131000,fixed,0,,249
ko,1,131000,133000,fixed,0,,250
ko,1,133000,135000,fixed,0,,251
ko,1,135000,137000,fixed,0,,252
ko,1,137000,139000,fixed,0,,253
ko,1,139000,141000,fixed,0,,254
ko,1,141000,143000,fixed,0,,255
ko,1,143000,145000,fixed,160,,256
ko,1,145000,147000,fixed,270,,257
ko,1,147000,149000,fixed,370,,258
ko,1,149000,151000,fixed,470,,259
ko,1,151000,153000,fixed,570,,260
ko,1,153000,155000,fixed,670,,261
ko,1,155000,157000,fixed,780,,262
ko,1,157000,159000,fixed,880,,263
ko,1,159000,161000,fixed,980,,264
ko,1,161000,163000,fixed,1080,,265
ko,1,163000,165000,fixed,1180,,266
ko,1,165000,167000,fixed,1290,,267
ko,1,167000,169000,fixed,1390,,268
ko,1,169000,171000,fixed,1480,,269
ko,1,171000,173000,fixed,1550,,270
ko,1,173000,175000,fixed,1620,,271
ko,1,175000,177000,fixed,1690,,272
ko,1,177000,179000,fixed,1770,,273
ko,1,179000,181000,fixed,1840,,274
ko,1,181000,183000,fixed,1910,,275
ko,1,183000,185000,fixed,1980,,276
ko,1,185000,187000,fixed,2050,,277
ko,1,187000,189000,fixed,2120,,278
ko,1,189000,191000,fixed,2200,,279
ko,1,191000,193000,fixed,2270,,280
ko,1,193000,195000,fixed,2340,,281
ko,1,195000,197000,fixed,2410,,282
ko,1,197000,199000,fixed,2480,,283
ko,1,199000,201000,fixed,2550,,284
ko,1,201000,203000,fixed,2620,,285
ko,1,203000,205000,fixed,2700,,286
ko,1,205000,207000,fixed,2770,,287
ko,1,207000,209000,fixed,2840,,288
ko,1,209000,211000,fixed,2910,,289
ko,1,211000,213000,fixed,2980,,290
ko,1,213000,215000,fixed,3050,,291
ko,1,215000,217000,fixed,3120,,292
ko,1,217000,219000,fixed,3200,,293
ko,1,219000,221000,fixed,3270,,294
ko,1,221000,224000,fixed,3360,,295
ko,1,224000,227000,fixed,3460,,296
ko,1,227000,230000,fixed,3570,,297
ko,1,230000,233000,fixed,3680,,298
ko,1,233000,236000,fixed,3790,,299
ko,1,236000,239000,fixed,3890,,300
ko,1,239000,242000,fixed,4000,,301
ko,1,242000,245000,fixed,4100,,302
ko,1,245000,248000,fixed,4220,,303
ko,1,248000,251000,fixed,4320,,304
ko,1,251000,254000,fixed,4430,,305
ko,1,254000,257000,fixed,4530,,306
ko,1,257000,260000,fixed,4650,,307
ko,1,260000,263000,fixed,4750,,308
ko,1,263000,266000,fixed,4860,,309
ko,1,266000,269000,fixed,4960,,310
ko,1,269000,272000,fixed,5070,,311
ko,1,272000,275000,fixed,5180,,312
ko,1,275000,278000,fixed,5290,,313
ko,1,278000,281000,fixed,5390,,314
ko,1,281000,284000,fixed,5500,,315
ko,1,284000,287000,fixed,5610,,316
ko,1,287000,290000,fixed,5720,,317
ko,1,290000,293000,fixed,5820,,318
ko,1,293000,296000,fixed,5930,,319
ko,1,296000,299000,fixed,6030,,320
ko,1,299000,302000,fixed,6150,,321
ko,1,302000,305000,fixed,6270,,322
ko,1,305000,308000,fixed,6390,,323
ko,1,308000,311000,fixed,6510,,324
ko,1,311000,314000,fixed,6640,,325
ko,1,314000,317000,fixed,6760,,326
ko,1,317000,320000,fixed,6880,,327
ko,1,320000,323000,fixed,7000,,328
ko,1,323000,326000,fixed,7130,,329
ko,1,326000,329000,fixed,7250,,330
ko,1,329000,332000,fixed,7370,,331
ko,1,332000,335000,fixed,7490,,332
ko,1,335000,338000,fixed,7620,,333
ko,1,338000,341000,fixed,7740,,334
ko,1,341000,344000,fixed,7860,,335
ko,1,344000,347000,fixed,7980,,336
ko,1,347000,350000,fixed,8110,,337
ko,1,350000,353000,fixed,8230,,338
ko,1,353000,356000,fixed,8400,,339
ko,1,356000,359000,fixed,8650,,340
ko,1,359000,362000,fixed,8890,,341
ko,1,362000,365000,fixed,9140,,342
ko,1,365000,368000,fixed,9380,,343
ko,1,368000,371000,fixed,9630,,344
ko,1,371000,374000,fixed,9870,,345
ko,1,374000,377000,fixed,10120,,346
ko,1,377000,380000,fixed,10360,,347
ko,1,380000,383000,fixed,10610,,348
ko,1,383000,386000,fixed,10850,,349
ko,1,386000,389000,fixed,11100,,350
ko,1,389000,392000,fixed,11340,,351
ko,1,392000,395000,fixed,11590,,352
ko,1,395000,398000,fixed,11830,,353
ko,1,398000,401000,fixed,12080,,354
ko,1,401000,404000,fixed,12320,,355
ko,1,404000,407000,fixed,12570,,356
ko,1,407000,410000,fixed,12810,,357
ko,1,410000,413000,fixed,13060,,358
ko,1,413000,416000,fixed,13300,,359
ko,1,416000,419000,fixed,13550,,360
ko,1,419000,422000,fixed,13790,,361
ko,1,422000,425000,fixed,14040,,362
ko,1,425000,428000,fixed,14280,,363
ko,1,428000,431000,fixed,14530,,364
ko,1,431000,434000,fixed,14770,,365
ko,1,434000,437000,fixed,15020,,366
ko,1,437000,440000,fixed,15260,,367
ko,1,440000,443000,fixed,15510,,368
ko,1,443000,446000,fixed,15750,,369
ko,1,446000,449000,fixed,16000,,370
ko,1,449000,452000,fixed,16240,,371
ko,1,452000,455000,fixed,16490,,372
ko,1,455000,458000,fixed,16730,,373
ko,1,458000,461000,fixed,16980,,374
ko,1,461000,464000,fixed,17220,,375
ko,1,464000,467000,fixed,17470,,376
ko,1,467000,470000,fixed,17710,,377
ko,1,470000,473000,fixed,17960,,378
ko,1,473000,476000,fixed,18200,,379
ko,1,476000,479000,fixed,18450,,380
ko,1,479000,482000,fixed,18690,,381
ko,1,482000,485000,fixed,18940,,382
ko,1,485000,488000,fixed,19180,,383
ko,1,488000,491000,fixed,19430,,384
ko,1,491000,494000,fixed,19670,,385
ko,1,494000,497000,fixed,20060,,386
ko,1,497000,500000,fixed,20550,,387
ko,1,500000,503000,fixed,21040,,388
ko,1,503000,506000,fixed,21530,,389
ko,1,506000,509000,fixed,22020,,390
ko,1,509000,512000,fixed,22510,,391
ko,1,512000,515000,fixed,23000,,392
ko,1,515000,518000,fixed,23490,,393
ko,1,518000,521000,fixed,23980,,394
ko,1,521000,524000,fixed,24470,,395
ko,1,524000,527000,fixed,24960,,396
ko,1,527000,530000,fixed,25450,,397
ko,1,530000,533000,fixed,25940,,398
ko,1,533000,536000,fixed,26430,,399
ko,1,536000,539000,fixed,26920,,400
ko,1,539000,542000,fixed,27410,,401
ko,1,542000,545000,fixed,27900,,402
ko,1,545000,548000,fixed,28390,,403
ko,1,548000,551000,fixed,28880,,404
ko,1,551000,554000,fixed,29430,,405
ko,1,554000,557000,fixed,29980,,406
ko,1,557000,560000,fixed,30530,,407
ko,1,560000,563000,fixed,31080,,408
ko,1,563000,566000,fixed,31630,,409
ko,1,566000,569000,fixed,32180,,410
ko,1,569000,572000,fixed,32730,,411
ko,1,572000,575000,fixed,33280,,412
ko,1,575000,578000,fixed,33840,,413
ko,1,578000,581000,fixed,34390,,414
ko,1,581000,584000,fixed,34940,,415
ko,1,584000,587000,fixed,35490,,416
ko,1,587000,590000,fixed,36040,,417
ko,1,590000,593000,fixed,36590,,418
ko,1,593000,596000,fixed,37140,,419
ko,1,596000,599000,fixed,37700,,420
ko,1,599000,602000,fixed,38250,,421
ko,1,602000,605000,fixed,38800,,422
ko,1,605000,608000,fixed,39350,,423
ko,1,608000,611000,fixed,39900,,424
ko,1,611000,614000,fixed,40450,,425
ko,1,614000,617000,fixed,41000,,426
ko,1,617000,620000,fixed,41550,,427
ko,1,620000,623000,fixed,42110,,428
ko,1,623000,626000,fixed,42660,,429
ko,1,626000,629000,fixed,43210,,430
ko,1,629000,632000,fixed,43760,,431
ko,1,632000,635000,fixed,44310,,432
ko,1,635000,638000,fixed,44860,,433
ko,1,638000,641000,fixed,45410,,434
ko,1,641000,644000,fixed,45970,,435
ko,1,644000,647000,fixed,46520,,436
ko,1,647000,650000,fixed,47070,,437
ko,1,650000,653000,fixed,47620,,438
ko,1,653000,656000,fixed,48170,,439
ko,1,656000,659000,fixed,48720,,440
ko,1,659000,662000,fixed,49270,,441
ko,1,662000,665000,fixed,49820,,442
ko,1,665000,668000,fixed,50380,,443
ko,1,668000,671000,fixed,50930,,444
ko,1,671000,674000,fixed,51480,,445
ko,1,674000,677000,fixed,52030,,446
ko,1,677000,680000,fixed,52580,,447
ko,1,680000,683000,fixed,53130,,448
ko,1,683000,686000,fixed,53680,,449
ko,1,686000,689000,fixed,54240,,450
ko,1,689000,692000,fixed,54790,,451
ko,1,692000,695000,fixed,55340,,452
ko,1,695000,698000,fixed,55890,,453
ko,1,698000,701000,fixed,56440,,454
ko,1,701000,704000,fixed,56990,,455
ko,1,704000,707000,fixed,57540,,456
ko,1,707000,710000,fixed,58110,,457
ko,1,710000,713000,fixed,58720,,458
ko,1,713000,716000,fixed,59330,,459
ko,1,716000,719000,fixed,59940,,460
ko,1,719000,722000,fixed,60560,,461
ko,1,722000,725000,fixed,61170,,462
ko,1,725000,728000,fixed,61780,,463
ko,1,728000,731000,fixed,62390,,464
ko,1,731000,734000,fixed,63010,,465
ko,1,734000,737000,fixed,63620,,466
ko,1,737000,740000,fixed,64230,,467
ko,1,740000,790000,marginal_round_10,,"{""base_amount"":740000,""base_tax"":64540,""rate_numerator"":2042,""rate_denominator"":10000}",468
ko,1,790000,960000,marginal_round_10,,"{""base_amount"":790000,""base_tax"":74750,""rate_numerator"":23483,""rate_denominator"":100000}",469
ko,1,960000,1720000,marginal_round_10,,"{""base_amount"":960000,""base_tax"":114670,""rate_numerator"":33693,""rate_denominator"":100000}",470
ko,1,1720000,2130000,marginal_round_10,,"{""base_amount"":1720000,""base_tax"":370740,""rate_numerator"":4084,""rate_denominator"":10000}",471
ko,1,2130000,2170000,marginal_round_10,,"{""base_amount"":2130000,""base_tax"":542950,""rate_numerator"":4084,""rate_denominator"":10000}",472
ko,1,2170000,2210000,marginal_round_10,,"{""base_amount"":2170000,""base_tax"":564730,""rate_numerator"":4084,""rate_denominator"":10000}",473
ko,1,2210000,2250000,marginal_round_10,,"{""base_amount"":2210000,""base_tax"":586500,""rate_numerator"":4084,""rate_denominator"":10000}",474
ko,1,2250000,3500000,marginal_round_10,,"{""base_amount"":2250000,""base_tax"":608280,""rate_numerator"":4084,""rate_denominator"":10000}",475
ko,1,3500000,,marginal_round_10,,"{""base_amount"":3500000,""base_tax"":1118780,""rate_numerator"":45945,""rate_denominator"":100000}",476
ko,2,0,111000,fixed,0,,477
ko,2,111000,113000,fixed,0,,478
ko,2,113000,115000,fixed,0,,479
ko,2,115000,117000,fixed,0,,480
ko,2,117000,119000,fixed,0,,481
ko,2,119000,121000,fixed,0,,482
ko,2,121000,123000,fixed,0,,483
ko,2,123000,125000,fixed,0,,484
ko,2,125000,127000,fixed,0,,485
ko,2,127000,129000,fixed,0,,486
ko,2,129000,131000,fixed,0,,487
ko,2,131000,133000,fixed,0,,488
ko,2,133000,135000,fixed,0,,489
ko,2,135000,137000,fixed,0,,490
ko,2,137000,139000,fixed,0,,491
ko,2,139000,141000,fixed,0,,492
ko,2,141000,143000,fixed,0,,493
ko,2,143000,145000,fixed,0,,494
ko,2,145000,147000,fixed,0,,495
ko,2,147000,149000,fixed,0,,496
ko,2,149000,151000,fixed,0,,497
ko,2,151000,153000,fixed,0,,498
ko,2,153000,155000,fixed,0,,499
ko,2,155000,157000,fixed,0,,500
ko,2,157000,159000,fixed,0,,501
ko,2,159000,161000,fixed,0,,502
ko,2,161000,163000,fixed,0,,503
ko,2,163000,165000,fixed,0,,504
ko,2,165000,167000,fixed,0,,505
ko,2,167000,169000,fixed,0,,506
ko,2,169000,171000,fixed,0,,507
ko,2,171000,173000,fixed,0,,508
ko,2,173000,175000,fixed,0,,509
ko,2,175000,177000,fixed,0,,510
ko,2,177000,179000,fixed,150,,511
ko,2,179000,181000,fixed,220,,512
ko,2,181000,183000,fixed,300,,513
ko,2,183000,185000,fixed,370,,514
ko,2,185000,187000,fixed,440,,515
ko,2,187000,189000,fixed,510,,516
ko,2,189000,191000,fixed,580,,517
ko,2,191000,193000,fixed,650,,518
ko,2,193000,195000,fixed,720,,519
ko,2,195000,197000,fixed,800,,520
ko,2,197000,199000,fixed,870,,521
ko,2,199000,201000,fixed,940,,522
ko,2,201000,203000,fixed,1010,,523
ko,2,203000,205000,fixed,1080,,524
ko,2,205000,207000,fixed,1150,,525
ko,2,207000,209000,fixed,1230,,526
ko,2,209000,211000,fixed,1300,,527
ko,2,211000,213000,fixed,1370,,528
ko,2,213000,215000,fixed,1440,,529
ko,2,215000,217000,fixed,1510,,530
ko,2,217000,219000,fixed,1580,,531
ko,2,219000,221000,fixed,1650,,532
ko,2,221000,224000,fixed,1740,,533
ko,2,224000,227000,fixed,1850,,534
ko,2,227000,230000,fixed,1950,,535
ko,2,230000,233000,fixed,2060,,536
ko,2,233000,236000,fixed,2160,,537
ko,2,236000,239000,fixed,2280,,538
ko,2,239000,242000,fixed,2380,,539
ko,2,242000,245000,fixed,2490,,540
ko,2,245000,248000,fixed,2590,,541
ko,2,248000,251000,fixed,2710,,542
ko,2,251000,254000,fixed,2810,,543
ko,2,254000,257000,fixed,2920,,544
ko,2,257000,260000,fixed,3020,,545
ko,2,260000,263000,fixed,3130,,546
ko,2,263000,266000,fixed,3240,,547
ko,2,266000,269000,fixed,3350,,548
ko,2,269000,272000,fixed,3450,,549
ko,2,272000,275000,fixed,3560,,550
ko,2,275000,278000,fixed,3670,,551
ko,2,278000,281000,fixed,3780,,552
ko,2,281000,284000,fixed,3880,,553
ko,2,284000,287000,fixed,3990,,554
ko,2,287000,290000,fixed,4090,,555
ko,2,290000,293000,fixed,4210,,556
ko,2,293000,296000,fixed,4310,,557
ko,2,296000,299000,fixed,4420,,558
ko,2,299000,302000,fixed,4530,,559
ko,2,302000,305000,fixed,4660,,560
ko,2,305000,308000,fixed,4780,,561
ko,2,308000,311000,fixed,4900,,562
ko,2,311000,314000,fixed,5020,,563
ko,2,314000,317000,fixed,5150,,564
ko,2,317000,320000,fixed,5270,,565
ko,2,320000,323000,fixed,5390,,566
ko,2,323000,326000,fixed,5510,,567
ko,2,326000,329000,fixed,5640,,568
ko,2,329000,332000,fixed,5760,,569
ko,2,332000,335000,fixed,5880,,570
ko,2,335000,338000,fixed,6000,,571
ko,2,338000,341000,fixed,6130,,572
ko,2,341000,344000,fixed,6250,,573
ko,2,344000,347000,fixed,6370,,574
ko,2,347000,350000,fixed,6490,,575
ko,2,350000,353000,fixed,6620,,576
ko,2,353000,356000,fixed,6740,,577
ko,2,356000,359000,fixed,6860,,578
ko,2,359000,362000,fixed,6980,,579
ko,2,362000,365000,fixed,7110,,580
ko,2,365000,368000,fixed,7230,,581
ko,2,368000,371000,fixed,7350,,582
ko,2,371000,374000,fixed,7470,,583
ko,2,374000,377000,fixed,7600,,584
ko,2,377000,380000,fixed,7720,,585
ko,2,380000,383000,fixed,7840,,586
ko,2,383000,386000,fixed,7960,,587
ko,2,386000,389000,fixed,8090,,588
ko,2,389000,392000,fixed,8210,,589
ko,2,392000,395000,fixed,8360,,590
ko,2,395000,398000,fixed,8610,,591
ko,2,398000,401000,fixed,8850,,592
ko,2,401000,404000,fixed,9100,,593
ko,2,404000,407000,fixed,9340,,594
ko,2,407000,410000,fixed,9590,,595
ko,2,410000,413000,fixed,9830,,596
ko,2,413000,416000,fixed,10080,,597
ko,2,416000,419000,fixed,10320,,598
ko,2,419000,422000,fixed,10570,,599
ko,2,422000,425000,fixed,10810,,600
ko,2,425000,428000,fixed,11060,,601
ko,2,428000,431000,fixed,11300,,602
ko,2,431000,434000,fixed,11550,,603
ko,2,434000,437000,fixed,11790,,604
ko,2,437000,440000,fixed,12040,,605
ko,2,440000,443000,fixed,12280,,606
ko,2,443000,446000,fixed,12530,,607
ko,2,446000,449000,fixed,12770,,608
ko,2,449000,452000,fixed,13020,,609
ko,2,452000,455000,fixed,13260,,610
ko,2,455000,458000,fixed,13510,,611
ko,2,458000,461000,fixed,13750,,612
ko,2,461000,464000,fixed,14000,,613
ko,2,464000,467000,fixed,14240,,614
ko,2,467000,470000,fixed,14490,,615
ko,2,470000,473000,fixed,14730,,616
ko,2,473000,476000,fixed,14980,,617
ko,2,476000,479000,fixed,15220,,618
ko,2,479000,482000,fixed,15470,,619
ko,2,482000,485000,fixed,15710,,620
ko,2,485000,488000,fixed,15960,,621
ko,2,488000,491000,fixed,16200,,622
ko,2,491000,494000,fixed,16450,,623
ko,2,494000,497000,fixed,16690,,624
ko,2,497000,500000,fixed,16940,,625
ko,2,500000,503000,fixed,17180,,626
ko,2,503000,506000,fixed,17430,,627
ko,2,506000,509000,fixed,17670,,628
ko,2,509000,512000,fixed,17920,,629
ko,2,512000,515000,fixed,18160,,630
ko,2,515000,518000,fixed,18410,,631
ko,2,518000,521000,fixed,18650,,632
ko,2,521000,524000,fixed,18900,,633
ko,2,524000,527000,fixed,19140,,634
ko,2,527000,530000,fixed,19390,,635
ko,2,530000,533000,fixed,19630,,636
ko,2,533000,536000,fixed,19970,,637
ko,2,536000,539000,fixed,20460,,638
ko,2,539000,542000,fixed,20950,,639
ko,2,542000,545000,fixed,21440,,640
ko,2,545000,548000,fixed,21930,,641
ko,2,548000,551000,fixed,22420,,642
ko,2,551000,554000,fixed,22960,,643
ko,2,554000,557000,fixed,23510,,644
ko,2,557000,560000,fixed,24060,,645
ko,2,560000,563000,fixed,24620,,646
ko,2,563000,566000,fixed,25170,,647
ko,2,566000,569000,fixed,25720,,648
ko,2,569000,572000,fixed,26270,,649
ko,2,572000,575000,fixed,26820,,650
ko,2,575000,578000,fixed,27370,,651
ko,2,578000,581000,fixed,27920,,652
ko,2,581000,584000,fixed,28480,,653
ko,2,584000,587000,fixed,29030,,654
ko,2,587000,590000,fixed,29580,,655
ko,2,590000,593000,fixed,30130,,656
ko,2,593000,596000,fixed,30680,,657
ko,2,596000,599000,fixed,31230,,658
ko,2,599000,602000,fixed,31780,,659
ko,2,602000,605000,fixed,32340,,660
ko,2,605000,608000,fixed,32890,,661
ko,2,608000,611000,fixed,33440,,662
ko,2,611000,614000,fixed,33990,,663
ko,2,614000,617000,fixed,34540,,664
ko,2,617000,620000,fixed,35090,,665
ko,2,620000,623000,fixed,35640,,666
ko,2,623000,626000,fixed,36190,,667
ko,2,626000,629000,fixed,36750,,668
ko,2,629000,632000,fixed,37300,,669
ko,2,632000,635000,fixed,37850,,670
ko,2,635000,638000,fixed,38400,,671
ko,2,638000,641000,fixed,38950,,672
ko,2,641000,644000,fixed,39500,,673
ko,2,644000,647000,fixed,40050,,674
ko,2,647000,650000,fixed,40610,,675
ko,2,650000,653000,fixed,41160,,676
ko,2,653000,656000,fixed,41710,,677
ko,2,656000,659000,fixed,42260,,678
ko,2,659000,662000,fixed,42810,,679
ko,2,662000,665000,fixed,43360,,680
ko,2,665000,668000,fixed,43910,,681
ko,2,668000,671000,fixed,44460,,682
ko,2,671000,674000,fixed,45020,,683
ko,2,674000,677000,fixed,45570,,684
ko,2,677000,680000,fixed,46120,,685
ko,2,680000,683000,fixed,46670,,686
ko,2,683000,686000,fixed,47220,,687
ko,2,686000,689000,fixed,47770,,688
ko,2,689000,692000,fixed,48320,,689
ko,2,692000,695000,fixed,48880,,690
ko,2,695000,698000,fixed,49430,,691
ko,2,698000,701000,fixed,49980,,692
ko,2,701000,704000,fixed,50530,,693
ko,2,704000,707000,fixed,51080,,694
ko,2,707000,710000,fixed,51630,,695
ko,2,710000,713000,fixed,52240,,696
ko,2,713000,716000,fixed,52860,,697
ko,2,716000,719000,fixed,53470,,698
ko,2,719000,722000,fixed,54080,,699
ko,2,722000,725000,fixed,54690,,700
ko,2,725000,728000,fixed,55310,,701
ko,2,728000,731000,fixed,55920,,702
ko,2,731000,734000,fixed,56530,,703
ko,2,734000,737000,fixed,57150,,704
ko,2,737000,740000,fixed,57760,,705
ko,2,740000,790000,marginal_round_10,,"{""base_amount"":740000,""base_tax"":58060,""rate_numerator"":2042,""rate_denominator"":10000}",706
ko,2,790000,960000,marginal_round_10,,"{""base_amount"":790000,""base_tax"":68270,""rate_numerator"":23483,""rate_denominator"":100000}",707
ko,2,960000,1720000,marginal_round_10,,"{""base_amount"":960000,""base_tax"":108200,""rate_numerator"":33693,""rate_denominator"":100000}",708
ko,2,1720000,2130000,marginal_round_10,,"{""base_amount"":1720000,""base_tax"":364270,""rate_numerator"":4084,""rate_denominator"":10000}",709
ko,2,2130000,2170000,marginal_round_10,,"{""base_amount"":2130000,""base_tax"":536470,""rate_numerator"":4084,""rate_denominator"":10000}",710
ko,2,2170000,2210000,marginal_round_10,,"{""base_amount"":2170000,""base_tax"":558250,""rate_numerator"":4084,""rate_denominator"":10000}",711
ko,2,2210000,2250000,marginal_round_10,,"{""base_amount"":2210000,""base_tax"":580030,""rate_numerator"":4084,""rate_denominator"":10000}",712
ko,2,2250000,3500000,marginal_round_10,,"{""base_amount"":2250000,""base_tax"":601810,""rate_numerator"":4084,""rate_denominator"":10000}",713
ko,2,3500000,,marginal_round_10,,"{""base_amount"":3500000,""base_tax"":1112310,""rate_numerator"":45945,""rate_denominator"":100000}",714
ko,3,0,111000,fixed,0,,715
ko,3,111000,113000,fixed,0,,716
ko,3,113000,115000,fixed,0,,717
ko,3,115000,117000,fixed,0,,718
ko,3,117000,119000,fixed,0,,719
ko,3,119000,121000,fixed,0,,720
ko,3,121000,123000,fixed,0,,721
ko,3,123000,125000,fixed,0,,722
ko,3,125000,127000,fixed,0,,723
ko,3,127000,129000,fixed,0,,724
ko,3,129000,131000,fixed,0,,725
ko,3,131000,133000,fixed,0,,726
ko,3,133000,135000,fixed,0,,727
ko,3,135000,137000,fixed,0,,728
ko,3,137000,139000,fixed,0,,729
ko,3,139000,141000,fixed,0,,730
ko,3,141000,143000,fixed,0,,731
ko,3,143000,145000,fixed,0,,732
ko,3,145000,147000,fixed,0,,733
ko,3,147000,149000,fixed,0,,734
ko,3,149000,151000,fixed,0,,735
ko,3,151000,153000,fixed,0,,736
ko,3,153000,155000,fixed,0,,737
ko,3,155000,157000,fixed,0,,738
ko,3,157000,159000,fixed,0,,739
ko,3,159000,161000,fixed,0,,740
ko,3,161000,163000,fixed,0,,741
ko,3,163000,165000,fixed,0,,742
ko,3,165000,167000,fixed,0,,743
ko,3,167000,169000,fixed,0,,744
ko,3,169000,171000,fixed,0,,745
ko,3,171000,173000,fixed,0,,746
ko,3,173000,175000,fixed,0,,747
ko,3,175000,177000,fixed,0,,748
ko,3,177000,179000,fixed,0,,749
ko,3,179000,181000,fixed,0,,750
ko,3,181000,183000,fixed,0,,751
ko,3,183000,185000,fixed,0,,752
ko,3,185000,187000,fixed,0,,753
ko,3,187000,189000,fixed,0,,754
ko,3,189000,191000,fixed,0,,755
ko,3,191000,193000,fixed,0,,756
ko,3,193000,195000,fixed,0,,757
ko,3,195000,197000,fixed,0,,758
ko,3,197000,199000,fixed,0,,759
ko,3,199000,201000,fixed,0,,760
ko,3,201000,203000,fixed,0,,761
ko,3,203000,205000,fixed,0,,762
ko,3,205000,207000,fixed,0,,763
ko,3,207000,209000,fixed,0,,764
ko,3,209000,211000,fixed,0,,765
ko,3,211000,213000,fixed,0,,766
ko,3,213000,215000,fixed,0,,767
ko,3,215000,217000,fixed,0,,768
ko,3,217000,219000,fixed,0,,769
ko,3,219000,221000,fixed,0,,770
ko,3,221000,224000,fixed,120,,771
ko,3,224000,227000,fixed,230,,772
ko,3,227000,230000,fixed,340,,773
ko,3,230000,233000,fixed,450,,774
ko,3,233000,236000,fixed,550,,775
ko,3,236000,239000,fixed,660,,776
ko,3,239000,242000,fixed,770,,777
ko,3,242000,245000,fixed,880,,778
ko,3,245000,248000,fixed,980,,779
ko,3,248000,251000,fixed,1090,,780
ko,3,251000,254000,fixed,1190,,781
ko,3,254000,257000,fixed,1310,,782
ko,3,257000,260000,fixed,1410,,783
ko,3,260000,263000,fixed,1520,,784
ko,3,263000,266000,fixed,1620,,785
ko,3,266000,269000,fixed,1740,,786
ko,3,269000,272000,fixed,1840,,787
ko,3,272000,275000,fixed,1950,,788
ko,3,275000,278000,fixed,2050,,789
ko,3,278000,281000,fixed,2160,,790
ko,3,281000,284000,fixed,2270,,791
ko,3,284000,287000,fixed,2380,,792
ko,3,287000,290000,fixed,2480,,793
ko,3,290000,293000,fixed,2590,,794
ko,3,293000,296000,fixed,2700,,795
ko,3,296000,299000,fixed,2810,,796
ko,3,299000,302000,fixed,2910,,797
ko,3,302000,305000,fixed,3030,,798
ko,3,305000,308000,fixed,3150,,799
ko,3,308000,311000,fixed,3280,,800
ko,3,311000,314000,fixed,3400,,801
ko,3,314000,317000,fixed,3520,,802
ko,3,317000,320000,fixed,3640,,803
ko,3,320000,323000,fixed,3770,,804
ko,3,323000,326000,fixed,3890,,805
ko,3,326000,329000,fixed,4010,,806
ko,3,329000,332000,fixed,4140,,807
ko,3,332000,335000,fixed,4260,,808
ko,3,335000,338000,fixed,4380,,809
ko,3,338000,341000,fixed,4500,,810
ko,3,341000,344000,fixed,4630,,811
ko,3,344000,347000,fixed,4750,,812
ko,3,347000,350000,fixed,4870,,813
ko,3,350000,353000,fixed,4990,,814
ko,3,353000,356000,fixed,5120,,815
ko,3,356000,359000,fixed,5240,,816
ko,3,359000,362000,fixed,5360,,817
ko,3,362000,365000,fixed,5480,,818
ko,3,365000,368000,fixed,5610,,819
ko,3,368000,371000,fixed,5730,,820
ko,3,371000,374000,fixed,5850,,821
ko,3,374000,377000,fixed,5970,,822
ko,3,377000,380000,fixed,6100,,823
ko,3,380000,383000,fixed,6220,,824
ko,3,383000,386000,fixed,6340,,825
ko,3,386000,389000,fixed,6460,,826
ko,3,389000,392000,fixed,6590,,827
ko,3,392000,395000,fixed,6710,,828
ko,3,395000,398000,fixed,6830,,829
ko,3,398000,401000,fixed,6950,,830
ko,3,401000,404000,fixed,7080,,831
ko,3,404000,407000,fixed,7200,,832
ko,3,407000,410000,fixed,7320,,833
ko,3,410000,413000,fixed,7440,,834
ko,3,413000,416000,fixed,7570,,835
ko,3,416000,419000,fixed,7690,,836
ko,3,419000,422000,fixed,7810,,837
ko,3,422000,425000,fixed,7930,,838
ko,3,425000,428000,fixed,8060,,839
ko,3,428000,431000,fixed,8180,,840
ko,3,431000,434000,fixed,8310,,841
ko,3,434000,437000,fixed,8560,,842
ko,3,437000,440000,fixed,8800,,843
ko,3,440000,443000,fixed,9050,,844
ko,3,443000,446000,fixed,9290,,845
ko,3,446000,449000,fixed,9540,,846
ko,3,449000,452000,fixed,9780,,847
ko,3,452000,455000,fixed,10030,,848
ko,3,455000,458000,fixed,10270,,849
ko,3,458000,461000,fixed,10520,,850
ko,3,461000,464000,fixed,10760,,851
ko,3,464000,467000,fixed,11010,,852
ko,3,467000,470000,fixed,11250,,853
ko,3,470000,473000,fixed,11500,,854
ko,3,473000,476000,fixed,11740,,855
ko,3,476000,479000,fixed,11990,,856
ko,3,479000,482000,fixed,12230,,857
ko,3,482000,485000,fixed,12480,,858
ko,3,485000,488000,fixed,12720,,859
ko,3,488000,491000,fixed,12970,,860
ko,3,491000,494000,fixed,13210,,861
ko,3,494000,497000,fixed,13460,,862
ko,3,497000,500000,fixed,13700,,863
ko,3,500000,503000,fixed,13950,,864
ko,3,503000,506000,fixed,14190,,865
ko,3,506000,509000,fixed,14440,,866
ko,3,509000,512000,fixed,14680,,867
ko,3,512000,515000,fixed,14930,,868
ko,3,515000,518000,fixed,15170,,869
ko,3,518000,521000,fixed,15420,,870
ko,3,521000,524000,fixed,15660,,871
ko,3,524000,527000,fixed,15910,,872
ko,3,527000,530000,fixed,16150,,873
ko,3,530000,533000,fixed,16400,,874
ko,3,533000,536000,fixed,16640,,875
ko,3,536000,539000,fixed,16890,,876
ko,3,539000,542000,fixed,17130,,877
ko,3,542000,545000,fixed,17380,,878
ko,3,545000,548000,fixed,17620,,879
ko,3,548000,551000,fixed,17870,,880
ko,3,551000,554000,fixed,18140,,881
ko,3,554000,557000,fixed,18420,,882
ko,3,557000,560000,fixed,18690,,883
ko,3,560000,563000,fixed,18970,,884
ko,3,563000,566000,fixed,19250,,885
ko,3,566000,569000,fixed,19520,,886
ko,3,569000,572000,fixed,19810,,887
ko,3,572000,575000,fixed,20360,,888
ko,3,575000,578000,fixed,20910,,889
ko,3,578000,581000,fixed,21460,,890
ko,3,581000,584000,fixed,22010,,891
ko,3,584000,587000,fixed,22560,,892
ko,3,587000,590000,fixed,23120,,893
ko,3,590000,593000,fixed,23670,,894
ko,3,593000,596000,fixed,24220,,895
ko,3,596000,599000,fixed,24770,,896
ko,3,599000,602000,fixed,25320,,897
ko,3,602000,605000,fixed,25870,,898
ko,3,605000,608000,fixed,26420,,899
ko,3,608000,611000,fixed,26970,,900
ko,3,611000,614000,fixed,27530,,901
ko,3,614000,617000,fixed,28080,,902
ko,3,617000,620000,fixed,28630,,903
ko,3,620000,623000,fixed,29180,,904
ko,3,623000,626000,fixed,29730,,905
ko,3,626000,629000,fixed,30280,,906
ko,3,629000,632000,fixed,30830,,907
ko,3,632000,635000,fixed,31390,,908
ko,3,635000,638000,fixed,31940,,909
ko,3,638000,641000,fixed,32490,,910
ko,3,641000,644000,fixed,33040,,911
ko,3,644000,647000,fixed,33590,,912
ko,3,647000,650000,fixed,34140,,913
ko,3,650000,653000,fixed,34690,,914
ko,3,653000,656000,fixed,35240,,915
ko,3,656000,659000,fixed,35800,,916
ko,3,659000,662000,fixed,36350,,917
ko,3,662000,665000,fixed,36900,,918
ko,3,665000,668000,fixed,37450,,919
ko,3,668000,671000,fixed,38000,,920
ko,3,671000,674000,fixed,38550,,921
ko,3,674000,677000,fixed,39100,,922
ko,3,677000,680000,fixed,39660,,923
ko,3,680000,683000,fixed,40210,,924
ko,3,683000,686000,fixed,40760,,925
ko,3,686000,689000,fixed,41310,,926
ko,3,689000,692000,fixed,41860,,927
ko,3,692000,695000,fixed,42410,,928
ko,3,695000,698000,fixed,42960,,929
ko,3,698000,701000,fixed,43520,,930
ko,3,701000,704000,fixed,44070,,931
ko,3,704000,707000,fixed,44620,,932
ko,3,707000,710000,fixed,45170,,933
ko,3,710000,713000,fixed,45780,,934
ko,3,713000,716000,fixed,46390,,935
ko,3,716000,719000,fixed,47010,,936
ko,3,719000,722000,fixed,47620,,937
ko,3,722000,725000,fixed,48230,,938
ko,3,725000,728000,fixed,48840,,939
ko,3,728000,731000,fixed,49460,,940
ko,3,731000,734000,fixed,50070,,941
ko,3,734000,737000,fixed,50680,,942
ko,3,737000,740000,fixed,51300,,943
ko,3,740000,790000,marginal_round_10,,"{""base_amount"":740000,""base_tax"":51600,""rate_numerator"":2042,""rate_denominator"":10000}",944
ko,3,790000,960000,marginal_round_10,,"{""base_amount"":790000,""base_tax"":61810,""rate_numerator"":23483,""rate_denominator"":100000}",945
ko,3,960000,1720000,marginal_round_10,,"{""base_amount"":960000,""base_tax"":101730,""rate_numerator"":33693,""rate_denominator"":100000}",946
ko,3,1720000,2130000,marginal_round_10,,"{""base_amount"":1720000,""base_tax"":357800,""rate_numerator"":4084,""rate_denominator"":10000}",947
ko,3,2130000,2170000,marginal_round_10,,"{""base_amount"":2130000,""base_tax"":530010,""rate_numerator"":4084,""rate_denominator"":10000}",948
ko,3,2170000,2210000,marginal_round_10,,"{""base_amount"":2170000,""base_tax"":551790,""rate_numerator"":4084,""rate_denominator"":10000}",949
ko,3,2210000,2250000,marginal_round_10,,"{""base_amount"":2210000,""base_tax"":573570,""rate_numerator"":4084,""rate_denominator"":10000}",950
ko,3,2250000,3500000,marginal_round_10,,"{""base_amount"":2250000,""base_tax"":595350,""rate_numerator"":4084,""rate_denominator"":10000}",951
ko,3,3500000,,marginal_round_10,,"{""base_amount"":3500000,""base_tax"":1105850,""rate_numerator"":45945,""rate_denominator"":100000}",952
ko,4,0,111000,fixed,0,,953
ko,4,111000,113000,fixed,0,,954
ko,4,113000,115000,fixed,0,,955
ko,4,115000,117000,fixed,0,,956
ko,4,117000,119000,fixed,0,,957
ko,4,119000,121000,fixed,0,,958
ko,4,121000,123000,fixed,0,,959
ko,4,123000,125000,fixed,0,,960
ko,4,125000,127000,fixed,0,,961
ko,4,127000,129000,fixed,0,,962
ko,4,129000,131000,fixed,0,,963
ko,4,131000,133000,fixed,0,,964
ko,4,133000,135000,fixed,0,,965
ko,4,135000,137000,fixed,0,,966
ko,4,137000,139000,fixed,0,,967
ko,4,139000,141000,fixed,0,,968
ko,4,141000,143000,fixed,0,,969
ko,4,143000,145000,fixed,0,,970
ko,4,145000,147000,fixed,0,,971
ko,4,147000,149000,fixed,0,,972
ko,4,149000,151000,fixed,0,,973
ko,4,151000,153000,fixed,0,,974
ko,4,153000,155000,fixed,0,,975
ko,4,155000,157000,fixed,0,,976
ko,4,157000,159000,fixed,0,,977
ko,4,159000,161000,fixed,0,,978
ko,4,161000,163000,fixed,0,,979
ko,4,163000,165000,fixed,0,,980
ko,4,165000,167000,fixed,0,,981
ko,4,167000,169000,fixed,0,,982
ko,4,169000,171000,fixed,0,,983
ko,4,171000,173000,fixed,0,,984
ko,4,173000,175000,fixed,0,,985
ko,4,175000,177000,fixed,0,,986
ko,4,177000,179000,fixed,0,,987
ko,4,179000,181000,fixed,0,,988
ko,4,181000,183000,fixed,0,,989
ko,4,183000,185000,fixed,0,,990
ko,4,185000,187000,fixed,0,,991
ko,4,187000,189000,fixed,0,,992
ko,4,189000,191000,fixed,0,,993
ko,4,191000,193000,fixed,0,,994
ko,4,193000,195000,fixed,0,,995
ko,4,195000,197000,fixed,0,,996
ko,4,197000,199000,fixed,0,,997
ko,4,199000,201000,fixed,0,,998
ko,4,201000,203000,fixed,0,,999
ko,4,203000,205000,fixed,0,,1000
ko,4,205000,207000,fixed,0,,1001
ko,4,207000,209000,fixed,0,,1002
ko,4,209000,211000,fixed,0,,1003
ko,4,211000,213000,fixed,0,,1004
ko,4,213000,215000,fixed,0,,1005
ko,4,215000,217000,fixed,0,,1006
ko,4,217000,219000,fixed,0,,1007
ko,4,219000,221000,fixed,0,,1008
ko,4,221000,224000,fixed,0,,1009
ko,4,224000,227000,fixed,0,,1010
ko,4,227000,230000,fixed,0,,1011
ko,4,230000,233000,fixed,0,,1012
ko,4,233000,236000,fixed,0,,1013
ko,4,236000,239000,fixed,0,,1014
ko,4,239000,242000,fixed,0,,1015
ko,4,242000,245000,fixed,0,,1016
ko,4,245000,248000,fixed,0,,1017
ko,4,248000,251000,fixed,0,,1018
ko,4,251000,254000,fixed,0,,1019
ko,4,254000,257000,fixed,0,,1020
ko,4,257000,260000,fixed,0,,1021
ko,4,260000,263000,fixed,0,,1022
ko,4,263000,266000,fixed,0,,1023
ko,4,266000,269000,fixed,110,,1024
ko,4,269000,272000,fixed,220,,1025
ko,4,272000,275000,fixed,330,,1026
ko,4,275000,278000,fixed,440,,1027
ko,4,278000,281000,fixed,540,,1028
ko,4,281000,284000,fixed,650,,1029
ko,4,284000,287000,fixed,760,,1030
ko,4,287000,290000,fixed,870,,1031
ko,4,290000,293000,fixed,970,,1032
ko,4,293000,296000,fixed,1080,,1033
ko,4,296000,299000,fixed,1180,,1034
ko,4,299000,302000,fixed,1300,,1035
ko,4,302000,305000,fixed,1420,,1036
ko,4,305000,308000,fixed,1540,,1037
ko,4,308000,311000,fixed,1660,,1038
ko,4,311000,314000,fixed,1790,,1039
ko,4,314000,317000,fixed,1910,,1040
ko,4,317000,320000,fixed,2030,,1041
ko,4,320000,323000,fixed,2150,,1042
ko,4,323000,326000,fixed,2280,,1043
ko,4,326000,329000,fixed,2400,,1044
ko,4,329000,332000,fixed,2520,,1045
ko,4,332000,335000,fixed,2640,,1046
ko,4,335000,338000,fixed,2770,,1047
ko,4,338000,341000,fixed,2890,,1048
ko,4,341000,344000,fixed,3010,,1049
ko,4,344000,347000,fixed,3130,,1050
ko,4,347000,350000,fixed,3260,,1051
ko,4,350000,353000,fixed,3380,,1052
ko,4,353000,356000,fixed,3500,,1053
ko,4,356000,359000,fixed,3620,,1054
ko,4,359000,362000,fixed,3750,,1055
ko,4,362000,365000,fixed,3870,,1056
ko,4,365000,368000,fixed,3990,,1057
ko,4,368000,371000,fixed,4110,,1058
ko,4,371000,374000,fixed,4240,,1059
ko,4,374000,377000,fixed,4360,,1060
ko,4,377000,380000,fixed,4480,,1061
ko,4,380000,383000,fixed,4600,,1062
ko,4,383000,386000,fixed,4730,,1063
ko,4,386000,389000,fixed,4850,,1064
ko,4,389000,392000,fixed,4970,,1065
ko,4,392000,395000,fixed,5090,,1066
ko,4,395000,398000,fixed,5220,,1067
ko,4,398000,401000,fixed,5340,,1068
ko,4,401000,404000,fixed,5460,,1069
ko,4,404000,407000,fixed,5580,,1070
ko,4,407000,410000,fixed,5710,,1071
ko,4,410000,413000,fixed,5830,,1072
ko,4,413000,416000,fixed,5950,,1073
ko,4,416000,419000,fixed,6070,,1074
ko,4,419000,422000,fixed,6200,,1075
ko,4,422000,425000,fixed,6320,,1076
ko,4,425000,428000,fixed,6440,,1077
ko,4,428000,431000,fixed,6570,,1078
ko,4,431000,434000,fixed,6690,,1079
ko,4,434000,437000,fixed,6810,,1080
ko,4,437000,440000,fixed,6930,,1081
ko,4,440000,443000,fixed,7060,,1082
ko,4,443000,446000,fixed,7180,,1083
ko,4,446000,449000,fixed,7300,,1084
ko,4,449000,452000,fixed,7420,,1085
ko,4,452000,455000,fixed,7550,,1086
ko,4,455000,458000,fixed,7670,,1087
ko,4,458000,461000,fixed,7790,,1088
ko,4,461000,464000,fixed,7910,,1089
ko,4,464000,467000,fixed,8040,,1090
ko,4,467000,470000,fixed,8160,,1091
ko,4,470000,473000,fixed,8280,,1092
ko,4,473000,476000,fixed,8500,,1093
ko,4,476000,479000,fixed,8750,,1094
ko,4,479000,482000,fixed,9000,,1095
ko,4,482000,485000,fixed,9240,,1096
ko,4,485000,488000,fixed,9490,,1097
ko,4,488000,491000,fixed,9730,,1098
ko,4,491000,494000,fixed,9980,,1099
ko,4,494000,497000,fixed,10220,,1100
ko,4,497000,500000,fixed,10470,,1101
ko,4,500000,503000,fixed,10710,,1102
ko,4,503000,506000,fixed,10960,,1103
ko,4,506000,509000,fixed,11200,,1104
ko,4,509000,512000,fixed,11450,,1105
ko,4,512000,515000,fixed,11690,,1106
ko,4,515000,518000,fixed,11940,,1107
ko,4,518000,521000,fixed,12180,,1108
ko,4,521000,524000,fixed,12430,,1109
ko,4,524000,527000,fixed,12670,,1110
ko,4,527000,530000,fixed,12920,,1111
ko,4,530000,533000,fixed,13160,,1112
ko,4,533000,536000,fixed,13410,,1113
ko,4,536000,539000,fixed,13650,,1114
ko,4,539000,542000,fixed,13900,,1115
ko,4,542000,545000,fixed,14140,,1116
ko,4,545000,548000,fixed,14390,,1117
ko,4,548000,551000,fixed,14630,,1118
ko,4,551000,554000,fixed,14910,,1119
ko,4,554000,557000,fixed,15180,,1120
ko,4,557000,560000,fixed,15460,,1121
ko,4,560000,563000,fixed,15730,,1122
ko,4,563000,566000,fixed,16010,,1123
ko,4,566000,569000,fixed,16280,,1124
ko,4,569000,572000,fixed,16560,,1125
ko,4,572000,575000,fixed,16840,,1126
ko,4,575000,578000,fixed,17110,,1127
ko,4,578000,581000,fixed,17390,,1128
ko,4,581000,584000,fixed,17660,,1129
ko,4,584000,587000,fixed,17940,,1130
ko,4,587000,590000,fixed,18210,,1131
ko,4,590000,593000,fixed,18490,,1132
ko,4,593000,596000,fixed,18770,,1133
ko,4,596000,599000,fixed,19040,,1134
ko,4,599000,602000,fixed,19320,,1135
ko,4,602000,605000,fixed,19590,,1136
ko,4,605000,608000,fixed,19950,,1137
ko,4,608000,611000,fixed,20500,,1138
ko,4,611000,614000,fixed,21050,,1139
ko,4,614000,617000,fixed,21600,,1140
ko,4,617000,620000,fixed,22160,,1141
ko,4,620000,623000,fixed,22710,,1142
ko,4,623000,626000,fixed,23260,,1143
ko,4,626000,629000,fixed,23810,,1144
ko,4,629000,632000,fixed,24360,,1145
ko,4,632000,635000,fixed,24910,,1146
ko,4,635000,638000,fixed,25460,,1147
ko,4,638000,641000,fixed,26020,,1148
ko,4,641000,644000,fixed,26570,,1149
ko,4,644000,647000,fixed,27120,,1150
ko,4,647000,650000,fixed,27670,,1151
ko,4,650000,653000,fixed,28220,,1152
ko,4,653000,656000,fixed,28770,,1153
ko,4,656000,659000,fixed,29320,,1154
ko,4,659000,662000,fixed,29870,,1155
ko,4,662000,665000,fixed,30430,,1156
ko,4,665000,668000,fixed,30980,,1157
ko,4,668000,671000,fixed,31530,,1158
ko,4,671000,674000,fixed,32080,,1159
ko,4,674000,677000,fixed,32630,,1160
ko,4,677000,680000,fixed,33180,,1161
ko,4,680000,683000,fixed,33730,,1162
ko,4,683000,686000,fixed,34290,,1163
ko,4,686000,689000,fixed,34840,,1164
ko,4,689000,692000,fixed,35390,,1165
ko,4,692000,695000,fixed,35940,,1166
ko,4,695000,698000,fixed,36490,,1167
ko,4,698000,701000,fixed,37040,,1168
ko,4,701000,704000,fixed,37590,,1169
ko,4,704000,707000,fixed,38140,,1170
ko,4,707000,710000,fixed,38710,,1171
ko,4,710000,713000,fixed,39320,,1172
ko,4,713000,716000,fixed,39930,,1173
ko,4,716000,719000,fixed,40540,,1174
ko,4,719000,722000,fixed,41160,,1175
ko,4,722000,725000,fixed,41770,,1176
ko,4,725000,728000,fixed,42380,,1177
ko,4,728000,731000,fixed,42990,,1178
ko,4,731000,734000,fixed,43610,,1179
ko,4,734000,737000,fixed,44220,,1180
ko,4,737000,740000,fixed,44830,,1181
ko,4,740000,790000,marginal_round_10,,"{""base_amount"":740000,""base_tax"":45140,""rate_numerator"":2042,""rate_denominator"":10000}",1182
ko,4,790000,960000,marginal_round_10,,"{""base_amount"":790000,""base_tax"":55350,""rate_numerator"":23483,""rate_denominator"":100000}",1183
ko,4,960000,1720000,marginal_round_10,,"{""base_amount"":960000,""base_tax"":95270,""rate_numerator"":33693,""rate_denominator"":100000}",1184
ko,4,1720000,2130000,marginal_round_10,,"{""base_amount"":1720000,""base_tax"":351340,""rate_numerator"":4084,""rate_denominator"":10000}",1185
ko,4,2130000,2170000,marginal_round_10,,"{""base_amount"":2130000,""base_tax"":523550,""rate_numerator"":4084,""rate_denominator"":10000}",1186
ko,4,2170000,2210000,marginal_round_10,,"{""base_amount"":2170000,""base_tax"":545330,""rate_numerator"":4084,""rate_denominator"":10000}",1187
ko,4,2210000,2250000,marginal_round_10,,"{""base_amount"":2210000,""base_tax"":567100,""rate_numerator"":4084,""rate_denominator"":10000}",1188
ko,4,2250000,3500000,marginal_round_10,,"{""base_amount"":2250000,""base_tax"":588880,""rate_numerator"":4084,""rate_denominator"":10000}",1189
ko,4,3500000,,marginal_round_10,,"{""base_amount"":3500000,""base_tax"":1099380,""rate_numerator"":45945,""rate_denominator"":100000}",1190
ko,5,0,111000,fixed,0,,1191
ko,5,111000,113000,fixed,0,,1192
ko,5,113000,115000,fixed,0,,1193
ko,5,115000,117000,fixed,0,,1194
ko,5,117000,119000,fixed,0,,1195
ko,5,119000,121000,fixed,0,,1196
ko,5,121000,123000,fixed,0,,1197
ko,5,123000,125000,fixed,0,,1198
ko,5,125000,127000,fixed,0,,1199
ko,5,127000,129000,fixed,0,,1200
ko,5,129000,131000,fixed,0,,1201
ko,5,131000,133000,fixed,0,,1202
ko,5,133000,135000,fixed,0,,1203
ko,5,135000,137000,fixed,0,,1204
ko,5,137000,139000,fixed,0,,1205
ko,5,139000,141000,fixed,0,,1206
ko,5,141000,143000,fixed,0,,1207
ko,5,143000,145000,fixed,0,,1208
ko,5,145000,147000,fixed,0,,1209
ko,5,147000,149000,fixed,0,,1210
ko,5,149000,151000,fixed,0,,1211
ko,5,151000,153000,fixed,0,,1212
ko,5,153000,155000,fixed,0,,1213
ko,5,155000,157000,fixed,0,,1214
ko,5,157000,159000,fixed,0,,1215
ko,5,159000,161000,fixed,0,,1216
ko,5,161000,163000,fixed,0,,1217
ko,5,163000,165000,fixed,0,,1218
ko,5,165000,167000,fixed,0,,1219
ko,5,167000,169000,fixed,0,,1220
ko,5,169000,171000,fixed,0,,1221
ko,5,171000,173000,fixed,0,,1222
ko,5,173000,175000,fixed,0,,1223
ko,5,175000,177000,fixed,0,,1224
ko,5,177000,179000,fixed,0,,1225
ko,5,179000,181000,fixed,0,,1226
ko,5,181000,183000,fixed,0,,1227
ko,5,183000,185000,fixed,0,,1228
ko,5,185000,187000,fixed,0,,1229
ko,5,187000,189000,fixed,0,,1230
ko,5,189000,191000,fixed,0,,1231
ko,5,191000,193000,fixed,0,,1232
ko,5,193000,195000,fixed,0,,1233
ko,5,195000,197000,fixed,0,,1234
ko,5,197000,199000,fixed,0,,1235
ko,5,199000,201000,fixed,0,,1236
ko,5,201000,203000,fixed,0,,1237
ko,5,203000,205000,fixed,0,,1238
ko,5,205000,207000,fixed,0,,1239
ko,5,207000,209000,fixed,0,,1240
ko,5,209000,211000,fixed,0,,1241
ko,5,211000,213000,fixed,0,,1242
ko,5,213000,215000,fixed,0,,1243
ko,5,215000,217000,fixed,0,,1244
ko,5,217000,219000,fixed,0,,1245
ko,5,219000,221000,fixed,0,,1246
ko,5,221000,224000,fixed,0,,1247
ko,5,224000,227000,fixed,0,,1248
ko,5,227000,230000,fixed,0,,1249
ko,5,230000,233000,fixed,0,,1250
ko,5,233000,236000,fixed,0,,1251
ko,5,236000,239000,fixed,0,,1252
ko,5,239000,242000,fixed,0,,1253
ko,5,242000,245000,fixed,0,,1254
ko,5,245000,248000,fixed,0,,1255
ko,5,248000,251000,fixed,0,,1256
ko,5,251000,254000,fixed,0,,1257
ko,5,254000,257000,fixed,0,,1258
ko,5,257000,260000,fixed,0,,1259
ko,5,260000,263000,fixed,0,,1260
ko,5,263000,266000,fixed,0,,1261
ko,5,266000,269000,fixed,0,,1262
ko,5,269000,272000,fixed,0,,1263
ko,5,272000,275000,fixed,0,,1264
ko,5,275000,278000,fixed,0,,1265
ko,5,278000,281000,fixed,0,,1266
ko,5,281000,284000,fixed,0,,1267
ko,5,284000,287000,fixed,0,,1268
ko,5,287000,290000,fixed,0,,1269
ko,5,290000,293000,fixed,0,,1270
ko,5,293000,296000,fixed,0,,1271
ko,5,296000,299000,fixed,0,,1272
ko,5,299000,302000,fixed,0,,1273
ko,5,302000,305000,fixed,0,,1274
ko,5,305000,308000,fixed,0,,1275
ko,5,308000,311000,fixed,0,,1276
ko,5,311000,314000,fixed,170,,1277
ko,5,314000,317000,fixed,300,,1278
ko,5,317000,320000,fixed,420,,1279
ko,5,320000,323000,fixed,540,,1280
ko,5,323000,326000,fixed,660,,1281
ko,5,326000,329000,fixed,790,,1282
ko,5,329000,332000,fixed,910,,1283
ko,5,332000,335000,fixed,1030,,1284
ko,5,335000,338000,fixed,1150,,1285
ko,5,338000,341000,fixed,1280,,1286
ko,5,341000,344000,fixed,1400,,1287
ko,5,344000,347000,fixed,1520,,1288
ko,5,347000,350000,fixed,1640,,1289
ko,5,350000,353000,fixed,1770,,1290
ko,5,353000,356000,fixed,1890,,1291
ko,5,356000,359000,fixed,2010,,1292
ko,5,359000,362000,fixed,2130,,1293
ko,5,362000,365000,fixed,2260,,1294
ko,5,365000,368000,fixed,2380,,1295
ko,5,368000,371000,fixed,2500,,1296
ko,5,371000,374000,fixed,2620,,1297
ko,5,374000,377000,fixed,2750,,1298
ko,5,377000,380000,fixed,2870,,1299
ko,5,380000,383000,fixed,2990,,1300
ko,5,383000,386000,fixed,3110,,1301
ko,5,386000,389000,fixed,3240,,1302
ko,5,389000,392000,fixed,3360,,1303
ko,5,392000,395000,fixed,3480,,1304
ko,5,395000,398000,fixed,3600,,1305
ko,5,398000,401000,fixed,3730,,1306
ko,5,401000,404000,fixed,3850,,1307
ko,5,404000,407000,fixed,3970,,1308
ko,5,407000,410000,fixed,4090,,1309
ko,5,410000,413000,fixed,4220,,1310
ko,5,413000,416000,fixed,4340,,1311
ko,5,416000,419000,fixed,4460,,1312
ko,5,419000,422000,fixed,4580,,1313
ko,5,422000,425000,fixed,4710,,1314
ko,5,425000,428000,fixed,4830,,1315
ko,5,428000,431000,fixed,4950,,1316
ko,5,431000,434000,fixed,5070,,1317
ko,5,434000,437000,fixed,5200,,1318
ko,5,437000,440000,fixed,5320,,1319
ko,5,440000,443000,fixed,5440,,1320
ko,5,443000,446000,fixed,5560,,1321
ko,5,446000,449000,fixed,5690,,1322
ko,5,449000,452000,fixed,5810,,1323
ko,5,452000,455000,fixed,5930,,1324
ko,5,455000,458000,fixed,6050,,1325
ko,5,458000,461000,fixed,6180,,1326
ko,5,461000,464000,fixed,6300,,1327
ko,5,464000,467000,fixed,6420,,1328
ko,5,467000,470000,fixed,6540,,1329
ko,5,470000,473000,fixed,6670,,1330
ko,5,473000,476000,fixed,6790,,1331
ko,5,476000,479000,fixed,6910,,1332
ko,5,479000,482000,fixed,7030,,1333
ko,5,482000,485000,fixed,7160,,1334
ko,5,485000,488000,fixed,7280,,1335
ko,5,488000,491000,fixed,7400,,1336
ko,5,491000,494000,fixed,7520,,1337
ko,5,494000,497000,fixed,7650,,1338
ko,5,497000,500000,fixed,7770,,1339
ko,5,500000,503000,fixed,7890,,1340
ko,5,503000,506000,fixed,8010,,1341
ko,5,506000,509000,fixed,8140,,1342
ko,5,509000,512000,fixed,8260,,1343
ko,5,512000,515000,fixed,8460,,1344
ko,5,515000,518000,fixed,8710,,1345
ko,5,518000,521000,fixed,8950,,1346
ko,5,521000,524000,fixed,9200,,1347
ko,5,524000,527000,fixed,9440,,1348
ko,5,527000,530000,fixed,9690,,1349
ko,5,530000,533000,fixed,9930,,1350
ko,5,533000,536000,fixed,10180,,1351
ko,5,536000,539000,fixed,10420,,1352
ko,5,539000,542000,fixed,10670,,1353
ko,5,542000,545000,fixed,10910,,1354
ko,5,545000,548000,fixed,11160,,1355
ko,5,548000,551000,fixed,11400,,1356
ko,5,551000,554000,fixed,11670,,1357
ko,5,554000,557000,fixed,11950,,1358
ko,5,557000,560000,fixed,12220,,1359
ko,5,560000,563000,fixed,12500,,1360
ko,5,563000,566000,fixed,12770,,1361
ko,5,566000,569000,fixed,13050,,1362
ko,5,569000,572000,fixed,13320,,1363
ko,5,572000,575000,fixed,13600,,1364
ko,5,575000,578000,fixed,13880,,1365
ko,5,578000,581000,fixed,14150,,1366
ko,5,581000,584000,fixed,14430,,1367
ko,5,584000,587000,fixed,14700,,1368
ko,5,587000,590000,fixed,14980,,1369
ko,5,590000,593000,fixed,15250,,1370
ko,5,593000,596000,fixed,15530,,1371
ko,5,596000,599000,fixed,15810,,1372
ko,5,599000,602000,fixed,16080,,1373
ko,5,602000,605000,fixed,16360,,1374
ko,5,605000,608000,fixed,16630,,1375
ko,5,608000,611000,fixed,16910,,1376
ko,5,611000,614000,fixed,17180,,1377
ko,5,614000,617000,fixed,17460,,1378
ko,5,617000,620000,fixed,17730,,1379
ko,5,620000,623000,fixed,18010,,1380
ko,5,623000,626000,fixed,18290,,1381
ko,5,626000,629000,fixed,18560,,1382
ko,5,629000,632000,fixed,18840,,1383
ko,5,632000,635000,fixed,19110,,1384
ko,5,635000,638000,fixed,19390,,1385
ko,5,638000,641000,fixed,19660,,1386
ko,5,641000,644000,fixed,20100,,1387
ko,5,644000,647000,fixed,20650,,1388
ko,5,647000,650000,fixed,21210,,1389
ko,5,650000,653000,fixed,21760,,1390
ko,5,653000,656000,fixed,22310,,1391
ko,5,656000,659000,fixed,22860,,1392
ko,5,659000,662000,fixed,23410,,1393
ko,5,662000,665000,fixed,23960,,1394
ko,5,665000,668000,fixed,24510,,1395
ko,5,668000,671000,fixed,25070,,1396
ko,5,671000,674000,fixed,25620,,1397
ko,5,674000,677000,fixed,26170,,1398
ko,5,677000,680000,fixed,26720,,1399
ko,5,680000,683000,fixed,27270,,1400
ko,5,683000,686000,fixed,27820,,1401
ko,5,686000,689000,fixed,28370,,1402
ko,5,689000,692000,fixed,28920,,1403
ko,5,692000,695000,fixed,29480,,1404
ko,5,695000,698000,fixed,30030,,1405
ko,5,698000,701000,fixed,30580,,1406
ko,5,701000,704000,fixed,31130,,1407
ko,5,704000,707000,fixed,31680,,1408
ko,5,707000,710000,fixed,32230,,1409
ko,5,710000,713000,fixed,32850,,1410
ko,5,713000,716000,fixed,33460,,1411
ko,5,716000,719000,fixed,34070,,1412
ko,5,719000,722000,fixed,34680,,1413
ko,5,722000,725000,fixed,35300,,1414
ko,5,725000,728000,fixed,35910,,1415
ko,5,728000,731000,fixed,36520,,1416
ko,5,731000,734000,fixed,37130,,1417
ko,5,734000,737000,fixed,37750,,1418
ko,5,737000,740000,fixed,38360,,1419
ko,5,740000,790000,marginal_round_10,,"{""base_amount"":740000,""base_tax"":38670,""rate_numerator"":2042,""rate_denominator"":10000}",1420
ko,5,790000,960000,marginal_round_10,,"{""base_amount"":790000,""base_tax"":48880,""rate_numerator"":23483,""rate_denominator"":100000}",1421
ko,5,960000,1720000,marginal_round_10,,"{""base_amount"":960000,""base_tax"":88800,""rate_numerator"":33693,""rate_denominator"":100000}",1422
ko,5,1720000,2130000,marginal_round_10,,"{""base_amount"":1720000,""base_tax"":344870,""rate_numerator"":4084,""rate_denominator"":10000}",1423
ko,5,2130000,2170000,marginal_round_10,,"{""base_amount"":2130000,""base_tax"":517080,""rate_numerator"":4084,""rate_denominator"":10000}",1424
ko,5,2170000,2210000,marginal_round_10,,"{""base_amount"":2170000,""base_tax"":538850,""rate_numerator"":4084,""rate_denominator"":10000}",1425
ko,5,2210000,2250000,marginal_round_10,,"{""base_amount"":2210000,""base_tax"":560630,""rate_numerator"":4084,""rate_denominator"":10000}",1426
ko,5,2250000,3500000,marginal_round_10,,"{""base_amount"":2250000,""base_tax"":582410,""rate_numerator"":4084,""rate_denominator"":10000}",1427
ko,5,3500000,,marginal_round_10,,"{""base_amount"":3500000,""base_tax"":1092910,""rate_numerator"":45945,""rate_denominator"":100000}",1428
ko,6,0,111000,fixed,0,,1429
ko,6,111000,113000,fixed,0,,1430
ko,6,113000,115000,fixed,0,,1431
ko,6,115000,117000,fixed,0,,1432
ko,6,117000,119000,fixed,0,,1433
ko,6,119000,121000,fixed,0,,1434
ko,6,121000,123000,fixed,0,,1435
ko,6,123000,125000,fixed,0,,1436
ko,6,125000,127000,fixed,0,,1437
ko,6,127000,129000,fixed,0,,1438
ko,6,129000,131000,fixed,0,,1439
ko,6,131000,133000,fixed,0,,1440
ko,6,133000,135000,fixed,0,,1441
ko,6,135000,137000,fixed,0,,1442
ko,6,137000,139000,fixed,0,,1443
ko,6,139000,141000,fixed,0,,1444
ko,6,141000,143000,fixed,0,,1445
ko,6,143000,145000,fixed,0,,1446
ko,6,145000,147000,fixed,0,,1447
ko,6,147000,149000,fixed,0,,1448
ko,6,149000,151000,fixed,0,,1449
ko,6,151000,153000,fixed,0,,1450
ko,6,153000,155000,fixed,0,,1451
ko,6,155000,157000,fixed,0,,1452
ko,6,157000,159000,fixed,0,,1453
ko,6,159000,161000,fixed,0,,1454
ko,6,161000,163000,fixed,0,,1455
ko,6,163000,165000,fixed,0,,1456
ko,6,165000,167000,fixed,0,,1457
ko,6,167000,169000,fixed,0,,1458
ko,6,169000,171000,fixed,0,,1459
ko,6,171000,173000,fixed,0,,1460
ko,6,173000,175000,fixed,0,,1461
ko,6,175000,177000,fixed,0,,1462
ko,6,177000,179000,fixed,0,,1463
ko,6,179000,181000,fixed,0,,1464
ko,6,181000,183000,fixed,0,,1465
ko,6,183000,185000,fixed,0,,1466
ko,6,185000,187000,fixed,0,,1467
ko,6,187000,189000,fixed,0,,1468
ko,6,189000,191000,fixed,0,,1469
ko,6,191000,193000,fixed,0,,1470
ko,6,193000,195000,fixed,0,,1471
ko,6,195000,197000,fixed,0,,1472
ko,6,197000,199000,fixed,0,,1473
ko,6,199000,201000,fixed,0,,1474
ko,6,201000,203000,fixed,0,,1475
ko,6,203000,205000,fixed,0,,1476
ko,6,205000,207000,fixed,0,,1477
ko,6,207000,209000,fixed,0,,1478
ko,6,209000,211000,fixed,0,,1479
ko,6,211000,213000,fixed,0,,1480
ko,6,213000,215000,fixed,0,,1481
ko,6,215000,217000,fixed,0,,1482
ko,6,217000,219000,fixed,0,,1483
ko,6,219000,221000,fixed,0,,1484
ko,6,221000,224000,fixed,0,,1485
ko,6,224000,227000,fixed,0,,1486
ko,6,227000,230000,fixed,0,,1487
ko,6,230000,233000,fixed,0,,1488
ko,6,233000,236000,fixed,0,,1489
ko,6,236000,239000,fixed,0,,1490
ko,6,239000,242000,fixed,0,,1491
ko,6,242000,245000,fixed,0,,1492
ko,6,245000,248000,fixed,0,,1493
ko,6,248000,251000,fixed,0,,1494
ko,6,251000,254000,fixed,0,,1495
ko,6,254000,257000,fixed,0,,1496
ko,6,257000,260000,fixed,0,,1497
ko,6,260000,263000,fixed,0,,1498
ko,6,263000,266000,fixed,0,,1499
ko,6,266000,269000,fixed,0,,1500
ko,6,269000,272000,fixed,0,,1501
ko,6,272000,275000,fixed,0,,1502
ko,6,275000,278000,fixed,0,,1503
ko,6,278000,281000,fixed,0,,1504
ko,6,281000,284000,fixed,0,,1505
ko,6,284000,287000,fixed,0,,1506
ko,6,287000,290000,fixed,0,,1507
ko,6,290000,293000,fixed,0,,1508
ko,6,293000,296000,fixed,0,,1509
ko,6,296000,299000,fixed,0,,1510
ko,6,299000,302000,fixed,0,,1511
ko,6,302000,305000,fixed,0,,1512
ko,6,305000,308000,fixed,0,,1513
ko,6,308000,311000,fixed,0,,1514
ko,6,311000,314000,fixed,0,,1515
ko,6,314000,317000,fixed,0,,1516
ko,6,317000,320000,fixed,0,,1517
ko,6,320000,323000,fixed,0,,1518
ko,6,323000,326000,fixed,0,,1519
ko,6,326000,329000,fixed,0,,1520
ko,6,329000,332000,fixed,0,,1521
ko,6,332000,335000,fixed,0,,1522
ko,6,335000,338000,fixed,0,,1523
ko,6,338000,341000,fixed,0,,1524
ko,6,341000,344000,fixed,0,,1525
ko,6,344000,347000,fixed,0,,1526
ko,6,347000,350000,fixed,0,,1527
ko,6,350000,353000,fixed,140,,1528
ko,6,353000,356000,fixed,270,,1529
ko,6,356000,359000,fixed,390,,1530
ko,6,359000,362000,fixed,510,,1531
ko,6,362000,365000,fixed,630,,1532
ko,6,365000,368000,fixed,760,,1533
ko,6,368000,371000,fixed,880,,1534
ko,6,371000,374000,fixed,1000,,1535
ko,6,374000,377000,fixed,1120,,1536
ko,6,377000,380000,fixed,1250,,1537
ko,6,380000,383000,fixed,1370,,1538
ko,6,383000,386000,fixed,1490,,1539
ko,6,386000,389000,fixed,1610,,1540
ko,6,389000,392000,fixed,1740,,1541
ko,6,392000,395000,fixed,1860,,1542
ko,6,395000,398000,fixed,1980,,1543
ko,6,398000,401000,fixed,2100,,1544
ko,6,401000,404000,fixed,2230,,1545
ko,6,404000,407000,fixed,2350,,1546
ko,6,407000,410000,fixed,2470,,1547
ko,6,410000,413000,fixed,2590,,1548
ko,6,413000,416000,fixed,2720,,1549
ko,6,416000,419000,fixed,2840,,1550
ko,6,419000,422000,fixed,2960,,1551
ko,6,422000,425000,fixed,3080,,1552
ko,6,425000,428000,fixed,3210,,1553
ko,6,428000,431000,fixed,3330,,1554
ko,6,431000,434000,fixed,3450,,1555
ko,6,434000,437000,fixed,3570,,1556
ko,6,437000,440000,fixed,3700,,1557
ko,6,440000,443000,fixed,3820,,1558
ko,6,443000,446000,fixed,3940,,1559
ko,6,446000,449000,fixed,4060,,1560
ko,6,449000,452000,fixed,4190,,1561
ko,6,452000,455000,fixed,4310,,1562
ko,6,455000,458000,fixed,4430,,1563
ko,6,458000,461000,fixed,4550,,1564
ko,6,461000,464000,fixed,4680,,1565
ko,6,464000,467000,fixed,4800,,1566
ko,6,467000,470000,fixed,4920,,1567
ko,6,470000,473000,fixed,5040,,1568
ko,6,473000,476000,fixed,5170,,1569
ko,6,476000,479000,fixed,5290,,1570
ko,6,479000,482000,fixed,5410,,1571
ko,6,482000,485000,fixed,5530,,1572
ko,6,485000,488000,fixed,5660,,1573
ko,6,488000,491000,fixed,5780,,1574
ko,6,491000,494000,fixed,5900,,1575
ko,6,494000,497000,fixed,6020,,1576
ko,6,497000,500000,fixed,6150,,1577
ko,6,500000,503000,fixed,6270,,1578
ko,6,503000,506000,fixed,6390,,1579
ko,6,506000,509000,fixed,6510,,1580
ko,6,509000,512000,fixed,6640,,1581
ko,6,512000,515000,fixed,6760,,1582
ko,6,515000,518000,fixed,6880,,1583
ko,6,518000,521000,fixed,7000,,1584
ko,6,521000,524000,fixed,7130,,1585
ko,6,524000,527000,fixed,7250,,1586
ko,6,527000,530000,fixed,7370,,1587
ko,6,530000,533000,fixed,7490,,1588
ko,6,533000,536000,fixed,7620,,1589
ko,6,536000,539000,fixed,7740,,1590
ko,6,539000,542000,fixed,7860,,1591
ko,6,542000,545000,fixed,7980,,1592
ko,6,545000,548000,fixed,8110,,1593
ko,6,548000,551000,fixed,8230,,1594
ko,6,551000,554000,fixed,8440,,1595
ko,6,554000,557000,fixed,8720,,1596
ko,6,557000,560000,fixed,9000,,1597
ko,6,560000,563000,fixed,9270,,1598
ko,6,563000,566000,fixed,9550,,1599
ko,6,566000,569000,fixed,9820,,1600
ko,6,569000,572000,fixed,10100,,1601
ko,6,572000,575000,fixed,10370,,1602
ko,6,575000,578000,fixed,10650,,1603
ko,6,578000,581000,fixed,10920,,1604
ko,6,581000,584000,fixed,11200,,1605
ko,6,584000,587000,fixed,11480,,1606
ko,6,587000,590000,fixed,11750,,1607
ko,6,590000,593000,fixed,12030,,1608
ko,6,593000,596000,fixed,12300,,1609
ko,6,596000,599000,fixed,12580,,1610
ko,6,599000,602000,fixed,12850,,1611
ko,6,602000,605000,fixed,13130,,1612
ko,6,605000,608000,fixed,13410,,1613
ko,6,608000,611000,fixed,13680,,1614
ko,6,611000,614000,fixed,13960,,1615
ko,6,614000,617000,fixed,14230,,1616
ko,6,617000,620000,fixed,14510,,1617
ko,6,620000,623000,fixed,14780,,1618
ko,6,623000,626000,fixed,15060,,1619
ko,6,626000,629000,fixed,15340,,1620
ko,6,629000,632000,fixed,15610,,1621
ko,6,632000,635000,fixed,15890,,1622
ko,6,635000,638000,fixed,16160,,1623
ko,6,638000,641000,fixed,16440,,1624
ko,6,641000,644000,fixed,16710,,1625
ko,6,644000,647000,fixed,16990,,1626
ko,6,647000,650000,fixed,17270,,1627
ko,6,650000,653000,fixed,17540,,1628
ko,6,653000,656000,fixed,17820,,1629
ko,6,656000,659000,fixed,18090,,1630
ko,6,659000,662000,fixed,18370,,1631
ko,6,662000,665000,fixed,18640,,1632
ko,6,665000,668000,fixed,18920,,1633
ko,6,668000,671000,fixed,19190,,1634
ko,6,671000,674000,fixed,19470,,1635
ko,6,674000,677000,fixed,19750,,1636
ko,6,677000,680000,fixed,20260,,1637
ko,6,680000,683000,fixed,20810,,1638
ko,6,683000,686000,fixed,21360,,1639
ko,6,686000,689000,fixed,21910,,1640
ko,6,689000,692000,fixed,22460,,1641
ko,6,692000,695000,fixed,23010,,1642
ko,6,695000,698000,fixed,23560,,1643
ko,6,698000,701000,fixed,24120,,1644
ko,6,701000,704000,fixed,24670,,1645
ko,6,704000,707000,fixed,25220,,1646
ko,6,707000,710000,fixed,25770,,1647
ko,6,710000,713000,fixed,26380,,1648
ko,6,713000,716000,fixed,27000,,1649
ko,6,716000,719000,fixed,27610,,1650
ko,6,719000,722000,fixed,28220,,1651
ko,6,722000,725000,fixed,28830,,1652
ko,6,725000,728000,fixed,29450,,1653
ko,6,728000,731000,fixed,30060,,1654
ko,6,731000,734000,fixed,30670,,1655
ko,6,734000,737000,fixed,31280,,1656
ko,6,737000,740000,fixed,31900,,1657
ko,6,740000,790000,marginal_round_10,,"{""base_amount"":740000,""base_tax"":32200,""rate_numerator"":2042,""rate_denominator"":10000}",1658
ko,6,790000,960000,marginal_round_10,,"{""base_amount"":790000,""base_tax"":42410,""rate_numerator"":23483,""rate_denominator"":100000}",1659
ko,6,960000,1720000,marginal_round_10,,"{""base_amount"":960000,""base_tax"":82330,""rate_numerator"":33693,""rate_denominator"":100000}",1660
ko,6,1720000,2130000,marginal_round_10,,"{""base_amount"":1720000,""base_tax"":338400,""rate_numerator"":4084,""rate_denominator"":10000}",1661
ko,6,2130000,2170000,marginal_round_10,,"{""base_amount"":2130000,""base_tax"":510610,""rate_numerator"":4084,""rate_denominator"":10000}",1662
ko,6,2170000,2210000,marginal_round_10,,"{""base_amount"":2170000,""base_tax"":532390,""rate_numerator"":4084,""rate_denominator"":10000}",1663
ko,6,2210000,2250000,marginal_round_10,,"{""base_amount"":2210000,""base_tax"":554170,""rate_numerator"":4084,""rate_denominator"":10000}",1664
ko,6,2250000,3500000,marginal_round_10,,"{""base_amount"":2250000,""base_tax"":575950,""rate_numerator"":4084,""rate_denominator"":10000}",1665
ko,6,3500000,,marginal_round_10,,"{""base_amount"":3500000,""base_tax"":1086450,""rate_numerator"":45945,""rate_denominator"":100000}",1666
ko,7,0,111000,fixed,0,,1667
ko,7,111000,113000,fixed,0,,1668
ko,7,113000,115000,fixed,0,,1669
ko,7,115000,117000,fixed,0,,1670
ko,7,117000,119000,fixed,0,,1671
ko,7,119000,121000,fixed,0,,1672
ko,7,121000,123000,fixed,0,,1673
ko,7,123000,125000,fixed,0,,1674
ko,7,125000,127000,fixed,0,,1675
ko,7,127000,129000,fixed,0,,1676
ko,7,129000,131000,fixed,0,,1677
ko,7,131000,133000,fixed,0,,1678
ko,7,133000,135000,fixed,0,,1679
ko,7,135000,137000,fixed,0,,1680
ko,7,137000,139000,fixed,0,,1681
ko,7,139000,141000,fixed,0,,1682
ko,7,141000,143000,fixed,0,,1683
ko,7,143000,145000,fixed,0,,1684
ko,7,145000,147000,fixed,0,,1685
ko,7,147000,149000,fixed,0,,1686
ko,7,149000,151000,fixed,0,,1687
ko,7,151000,153000,fixed,0,,1688
ko,7,153000,155000,fixed,0,,1689
ko,7,155000,157000,fixed,0,,1690
ko,7,157000,159000,fixed,0,,1691
ko,7,159000,161000,fixed,0,,1692
ko,7,161000,163000,fixed,0,,1693
ko,7,163000,165000,fixed,0,,1694
ko,7,165000,167000,fixed,0,,1695
ko,7,167000,169000,fixed,0,,1696
ko,7,169000,171000,fixed,0,,1697
ko,7,171000,173000,fixed,0,,1698
ko,7,173000,175000,fixed,0,,1699
ko,7,175000,177000,fixed,0,,1700
ko,7,177000,179000,fixed,0,,1701
ko,7,179000,181000,fixed,0,,1702
ko,7,181000,183000,fixed,0,,1703
ko,7,183000,185000,fixed,0,,1704
ko,7,185000,187000,fixed,0,,1705
ko,7,187000,189000,fixed,0,,1706
ko,7,189000,191000,fixed,0,,1707
ko,7,191000,193000,fixed,0,,1708
ko,7,193000,195000,fixed,0,,1709
ko,7,195000,197000,fixed,0,,1710
ko,7,197000,199000,fixed,0,,1711
ko,7,199000,201000,fixed,0,,1712
ko,7,201000,203000,fixed,0,,1713
ko,7,203000,205000,fixed,0,,1714
ko,7,205000,207000,fixed,0,,1715
ko,7,207000,209000,fixed,0,,1716
ko,7,209000,211000,fixed,0,,1717
ko,7,211000,213000,fixed,0,,1718
ko,7,213000,215000,fixed,0,,1719
ko,7,215000,217000,fixed,0,,1720
ko,7,217000,219000,fixed,0,,1721
ko,7,219000,221000,fixed,0,,1722
ko,7,221000,224000,fixed,0,,1723
ko,7,224000,227000,fixed,0,,1724
ko,7,227000,230000,fixed,0,,1725
ko,7,230000,233000,fixed,0,,1726
ko,7,233000,236000,fixed,0,,1727
ko,7,236000,239000,fixed,0,,1728
ko,7,239000,242000,fixed,0,,1729
ko,7,242000,245000,fixed,0,,1730
ko,7,245000,248000,fixed,0,,1731
ko,7,248000,251000,fixed,0,,1732
ko,7,251000,254000,fixed,0,,1733
ko,7,254000,257000,fixed,0,,1734
ko,7,257000,260000,fixed,0,,1735
ko,7,260000,263000,fixed,0,,1736
ko,7,263000,266000,fixed,0,,1737
ko,7,266000,269000,fixed,0,,1738
ko,7,269000,272000,fixed,0,,1739
ko,7,272000,275000,fixed,0,,1740
ko,7,275000,278000,fixed,0,,1741
ko,7,278000,281000,fixed,0,,1742
ko,7,281000,284000,fixed,0,,1743
ko,7,284000,287000,fixed,0,,1744
ko,7,287000,290000,fixed,0,,1745
ko,7,290000,293000,fixed,0,,1746
ko,7,293000,296000,fixed,0,,1747
ko,7,296000,299000,fixed,0,,1748
ko,7,299000,302000,fixed,0,,1749
ko,7,302000,305000,fixed,0,,1750
ko,7,305000,308000,fixed,0,,1751
ko,7,308000,311000,fixed,0,,1752
ko,7,311000,314000,fixed,0,,1753
ko,7,314000,317000,fixed,0,,1754
ko,7,317000,320000,fixed,0,,1755
ko,7,320000,323000,fixed,0,,1756
ko,7,323000,326000,fixed,0,,1757
ko,7,326000,329000,fixed,0,,1758
ko,7,329000,332000,fixed,0,,1759
ko,7,332000,335000,fixed,0,,1760
ko,7,335000,338000,fixed,0,,1761
ko,7,338000,341000,fixed,0,,1762
ko,7,341000,344000,fixed,0,,1763
ko,7,344000,347000,fixed,0,,1764
ko,7,347000,350000,fixed,0,,1765
ko,7,350000,353000,fixed,0,,1766
ko,7,353000,356000,fixed,0,,1767
ko,7,356000,359000,fixed,0,,1768
ko,7,359000,362000,fixed,0,,1769
ko,7,362000,365000,fixed,0,,1770
ko,7,365000,368000,fixed,0,,1771
ko,7,368000,371000,fixed,0,,1772
ko,7,371000,374000,fixed,0,,1773
ko,7,374000,377000,fixed,0,,1774
ko,7,377000,380000,fixed,0,,1775
ko,7,380000,383000,fixed,0,,1776
ko,7,383000,386000,fixed,0,,1777
ko,7,386000,389000,fixed,0,,1778
ko,7,389000,392000,fixed,120,,1779
ko,7,392000,395000,fixed,250,,1780
ko,7,395000,398000,fixed,370,,1781
ko,7,398000,401000,fixed,490,,1782
ko,7,401000,404000,fixed,610,,1783
ko,7,404000,407000,fixed,740,,1784
ko,7,407000,410000,fixed,860,,1785
ko,7,410000,413000,fixed,980,,1786
ko,7,413000,416000,fixed,1100,,1787
ko,7,416000,419000,fixed,1230,,1788
ko,7,419000,422000,fixed,1350,,1789
ko,7,422000,425000,fixed,1470,,1790
ko,7,425000,428000,fixed,1590,,1791
ko,7,428000,431000,fixed,1720,,1792
ko,7,431000,434000,fixed,1840,,1793
ko,7,434000,437000,fixed,1960,,1794
ko,7,437000,440000,fixed,2080,,1795
ko,7,440000,443000,fixed,2210,,1796
ko,7,443000,446000,fixed,2330,,1797
ko,7,446000,449000,fixed,2450,,1798
ko,7,449000,452000,fixed,2570,,1799
ko,7,452000,455000,fixed,2700,,1800
ko,7,455000,458000,fixed,2820,,1801
ko,7,458000,461000,fixed,2940,,1802
ko,7,461000,464000,fixed,3060,,1803
ko,7,464000,467000,fixed,3190,,1804
ko,7,467000,470000,fixed,3310,,1805
ko,7,470000,473000,fixed,3430,,1806
ko,7,473000,476000,fixed,3550,,1807
ko,7,476000,479000,fixed,3680,,1808
ko,7,479000,482000,fixed,3800,,1809
ko,7,482000,485000,fixed,3920,,1810
ko,7,485000,488000,fixed,4040,,1811
ko,7,488000,491000,fixed,4170,,1812
ko,7,491000,494000,fixed,4290,,1813
ko,7,494000,497000,fixed,4410,,1814
ko,7,497000,500000,fixed,4530,,1815
ko,7,500000,503000,fixed,4660,,1816
ko,7,503000,506000,fixed,4780,,1817
ko,7,506000,509000,fixed,4900,,1818
ko,7,509000,512000,fixed,5020,,1819
ko,7,512000,515000,fixed,5150,,1820
ko,7,515000,518000,fixed,5270,,1821
ko,7,518000,521000,fixed,5390,,1822
ko,7,521000,524000,fixed,5510,,1823
ko,7,524000,527000,fixed,5640,,1824
ko,7,527000,530000,fixed,5760,,1825
ko,7,530000,533000,fixed,5880,,1826
ko,7,533000,536000,fixed,6000,,1827
ko,7,536000,539000,fixed,6130,,1828
ko,7,539000,542000,fixed,6250,,1829
ko,7,542000,545000,fixed,6370,,1830
ko,7,545000,548000,fixed,6490,,1831
ko,7,548000,551000,fixed,6620,,1832
ko,7,551000,554000,fixed,6750,,1833
ko,7,554000,557000,fixed,6890,,1834
ko,7,557000,560000,fixed,7020,,1835
ko,7,560000,563000,fixed,7170,,1836
ko,7,563000,566000,fixed,7300,,1837
ko,7,566000,569000,fixed,7440,,1838
ko,7,569000,572000,fixed,7580,,1839
ko,7,572000,575000,fixed,7720,,1840
ko,7,575000,578000,fixed,7850,,1841
ko,7,578000,581000,fixed,7990,,1842
ko,7,581000,584000,fixed,8130,,1843
ko,7,584000,587000,fixed,8270,,1844
ko,7,587000,590000,fixed,8520,,1845
ko,7,590000,593000,fixed,8790,,1846
ko,7,593000,596000,fixed,9070,,1847
ko,7,596000,599000,fixed,9340,,1848
ko,7,599000,602000,fixed,9620,,1849
ko,7,602000,605000,fixed,9890,,1850
ko,7,605000,608000,fixed,10170,,1851
ko,7,608000,611000,fixed,10440,,1852
ko,7,611000,614000,fixed,10720,,1853
ko,7,614000,617000,fixed,11000,,1854
ko,7,617000,620000,fixed,11270,,1855
ko,7,620000,623000,fixed,11550,,1856
ko,7,623000,626000,fixed,11820,,1857
ko,7,626000,629000,fixed,12100,,1858
ko,7,629000,632000,fixed,12370,,1859
ko,7,632000,635000,fixed,12650,,1860
ko,7,635000,638000,fixed,12930,,1861
ko,7,638000,641000,fixed,13200,,1862
ko,7,641000,644000,fixed,13480,,1863
ko,7,644000,647000,fixed,13750,,1864
ko,7,647000,650000,fixed,14030,,1865
ko,7,650000,653000,fixed,14300,,1866
ko,7,653000,656000,fixed,14580,,1867
ko,7,656000,659000,fixed,14860,,1868
ko,7,659000,662000,fixed,15130,,1869
ko,7,662000,665000,fixed,15410,,1870
ko,7,665000,668000,fixed,15680,,1871
ko,7,668000,671000,fixed,15960,,1872
ko,7,671000,674000,fixed,16230,,1873
ko,7,674000,677000,fixed,16510,,1874
ko,7,677000,680000,fixed,16790,,1875
ko,7,680000,683000,fixed,17060,,1876
ko,7,683000,686000,fixed,17340,,1877
ko,7,686000,689000,fixed,17610,,1878
ko,7,689000,692000,fixed,17890,,1879
ko,7,692000,695000,fixed,18160,,1880
ko,7,695000,698000,fixed,18440,,1881
ko,7,698000,701000,fixed,18710,,1882
ko,7,701000,704000,fixed,18990,,1883
ko,7,704000,707000,fixed,19270,,1884
ko,7,707000,710000,fixed,19540,,1885
ko,7,710000,713000,fixed,19920,,1886
ko,7,713000,716000,fixed,20530,,1887
ko,7,716000,719000,fixed,21140,,1888
ko,7,719000,722000,fixed,21760,,1889
ko,7,722000,725000,fixed,22370,,1890
ko,7,725000,728000,fixed,22980,,1891
ko,7,728000,731000,fixed,23600,,1892
ko,7,731000,734000,fixed,24210,,1893
ko,7,734000,737000,fixed,24820,,1894
ko,7,737000,740000,fixed,25430,,1895
ko,7,740000,790000,marginal_round_10,,"{""base_amount"":740000,""base_tax"":25740,""rate_numerator"":2042,""rate_denominator"":10000}",1896
ko,7,790000,960000,marginal_round_10,,"{""base_amount"":790000,""base_tax"":35950,""rate_numerator"":23483,""rate_denominator"":100000}",1897
ko,7,960000,1720000,marginal_round_10,,"{""base_amount"":960000,""base_tax"":75870,""rate_numerator"":33693,""rate_denominator"":100000}",1898
ko,7,1720000,2130000,marginal_round_10,,"{""base_amount"":1720000,""base_tax"":331940,""rate_numerator"":4084,""rate_denominator"":10000}",1899
ko,7,2130000,2170000,marginal_round_10,,"{""base_amount"":2130000,""base_tax"":504150,""rate_numerator"":4084,""rate_denominator"":10000}",1900
ko,7,2170000,2210000,marginal_round_10,,"{""base_amount"":2170000,""base_tax"":525930,""rate_numerator"":4084,""rate_denominator"":10000}",1901
ko,7,2210000,2250000,marginal_round_10,,"{""base_amount"":2210000,""base_tax"":547710,""rate_numerator"":4084,""rate_denominator"":10000}",1902
ko,7,2250000,3500000,marginal_round_10,,"{""base_amount"":2250000,""base_tax"":569480,""rate_numerator"":4084,""rate_denominator"":10000}",1903
ko,7,3500000,,marginal_round_10,,"{""base_amount"":3500000,""base_tax"":1079980,""rate_numerator"":45945,""rate_denominator"":100000}",1904
otsu,,0,111000,percentage_floor,,"{""rate_numerator"":3063,""rate_denominator"":100000}",1905
otsu,,111000,113000,fixed,4000,,1906
otsu,,113000,115000,fixed,4100,,1907
otsu,,115000,117000,fixed,4100,,1908
otsu,,117000,119000,fixed,4200,,1909
otsu,,119000,121000,fixed,4300,,1910
otsu,,121000,123000,fixed,4300,,1911
otsu,,123000,125000,fixed,4400,,1912
otsu,,125000,127000,fixed,4500,,1913
otsu,,127000,129000,fixed,4800,,1914
otsu,,129000,131000,fixed,5100,,1915
otsu,,131000,133000,fixed,5400,,1916
otsu,,133000,135000,fixed,5700,,1917
otsu,,135000,137000,fixed,6000,,1918
otsu,,137000,139000,fixed,6300,,1919
otsu,,139000,141000,fixed,6600,,1920
otsu,,141000,143000,fixed,6900,,1921
otsu,,143000,145000,fixed,7200,,1922
otsu,,145000,147000,fixed,7500,,1923
otsu,,147000,149000,fixed,7800,,1924
otsu,,149000,151000,fixed,8100,,1925
otsu,,151000,153000,fixed,8400,,1926
otsu,,153000,155000,fixed,8700,,1927
otsu,,155000,157000,fixed,9000,,1928
otsu,,157000,159000,fixed,9300,,1929
otsu,,159000,161000,fixed,9600,,1930
otsu,,161000,163000,fixed,9900,,1931
otsu,,163000,165000,fixed,10200,,1932
otsu,,165000,167000,fixed,10500,,1933
otsu,,167000,169000,fixed,10800,,1934
otsu,,169000,171000,fixed,11100,,1935
otsu,,171000,173000,fixed,11400,,1936
otsu,,173000,175000,fixed,11700,,1937
otsu,,175000,177000,fixed,12000,,1938
otsu,,177000,179000,fixed,12400,,1939
otsu,,179000,181000,fixed,12700,,1940
otsu,,181000,183000,fixed,13000,,1941
otsu,,183000,185000,fixed,13500,,1942
otsu,,185000,187000,fixed,14200,,1943
otsu,,187000,189000,fixed,14900,,1944
otsu,,189000,191000,fixed,15600,,1945
otsu,,191000,193000,fixed,16300,,1946
otsu,,193000,195000,fixed,17100,,1947
otsu,,195000,197000,fixed,17800,,1948
otsu,,197000,199000,fixed,18500,,1949
otsu,,199000,201000,fixed,19200,,1950
otsu,,201000,203000,fixed,19900,,1951
otsu,,203000,205000,fixed,20500,,1952
otsu,,205000,207000,fixed,21200,,1953
otsu,,207000,209000,fixed,22000,,1954
otsu,,209000,211000,fixed,22700,,1955
otsu,,211000,213000,fixed,23200,,1956
otsu,,213000,215000,fixed,23800,,1957
otsu,,215000,217000,fixed,24400,,1958
otsu,,217000,219000,fixed,24900,,1959
otsu,,219000,221000,fixed,25500,,1960
otsu,,221000,224000,fixed,26100,,1961
otsu,,224000,227000,fixed,27200,,1962
otsu,,227000,230000,fixed,28200,,1963
otsu,,230000,233000,fixed,29200,,1964
otsu,,233000,236000,fixed,30200,,1965
otsu,,236000,239000,fixed,31100,,1966
otsu,,239000,242000,fixed,32200,,1967
otsu,,242000,245000,fixed,33200,,1968
otsu,,245000,248000,fixed,34200,,1969
otsu,,248000,251000,fixed,35200,,1970
otsu,,251000,254000,fixed,36200,,1971
otsu,,254000,257000,fixed,37300,,1972
otsu,,257000,260000,fixed,38300,,1973
otsu,,260000,263000,fixed,39300,,1974
otsu,,263000,266000,fixed,40300,,1975
otsu,,266000,269000,fixed,41200,,1976
otsu,,269000,272000,fixed,42300,,1977
otsu,,272000,275000,fixed,43300,,1978
otsu,,275000,278000,fixed,44300,,1979
otsu,,278000,281000,fixed,45300,,1980
otsu,,281000,284000,fixed,46400,,1981
otsu,,284000,287000,fixed,47400,,1982
otsu,,287000,290000,fixed,48600,,1983
otsu,,290000,293000,fixed,49700,,1984
otsu,,293000,296000,fixed,50800,,1985
otsu,,296000,299000,fixed,52100,,1986
otsu,,299000,302000,fixed,53200,,1987
otsu,,302000,305000,fixed,54400,,1988
otsu,,305000,308000,fixed,55200,,1989
otsu,,308000,311000,fixed,56100,,1990
otsu,,311000,314000,fixed,56900,,1991
otsu,,314000,317000,fixed,57700,,1992
otsu,,317000,320000,fixed,58500,,1993
otsu,,320000,323000,fixed,59400,,1994
otsu,,323000,326000,fixed,60400,,1995
otsu,,326000,329000,fixed,61500,,1996
otsu,,329000,332000,fixed,62500,,1997
otsu,,332000,335000,fixed,63600,,1998
otsu,,335000,338000,fixed,64600,,1999
otsu,,338000,341000,fixed,65700,,2000
otsu,,341000,344000,fixed,66700,,2001
otsu,,344000,347000,fixed,67700,,2002
otsu,,347000,350000,fixed,68700,,2003
otsu,,350000,353000,fixed,69700,,2004
otsu,,353000,356000,fixed,70800,,2005
otsu,,356000,359000,fixed,71800,,2006
otsu,,359000,362000,fixed,72800,,2007
otsu,,362000,365000,fixed,73800,,2008
otsu,,365000,368000,fixed,74800,,2009
otsu,,368000,371000,fixed,75900,,2010
otsu,,371000,374000,fixed,76800,,2011
otsu,,374000,377000,fixed,77700,,2012
otsu,,377000,380000,fixed,78600,,2013
otsu,,380000,383000,fixed,79500,,2014
otsu,,383000,386000,fixed,80500,,2015
otsu,,386000,389000,fixed,81500,,2016
otsu,,389000,392000,fixed,83200,,2017
otsu,,392000,395000,fixed,84900,,2018
otsu,,395000,398000,fixed,86600,,2019
otsu,,398000,401000,fixed,88300,,2020
otsu,,401000,404000,fixed,90100,,2021
otsu,,404000,407000,fixed,91700,,2022
otsu,,407000,410000,fixed,93400,,2023
otsu,,410000,413000,fixed,95200,,2024
otsu,,413000,416000,fixed,96800,,2025
otsu,,416000,419000,fixed,98500,,2026
otsu,,419000,422000,fixed,100300,,2027
otsu,,422000,425000,fixed,101900,,2028
otsu,,425000,428000,fixed,103600,,2029
otsu,,428000,431000,fixed,105400,,2030
otsu,,431000,434000,fixed,107000,,2031
otsu,,434000,437000,fixed,108700,,2032
otsu,,437000,440000,fixed,110500,,2033
otsu,,440000,443000,fixed,112100,,2034
otsu,,443000,446000,fixed,113800,,2035
otsu,,446000,449000,fixed,115500,,2036
otsu,,449000,452000,fixed,117200,,2037
otsu,,452000,455000,fixed,118900,,2038
otsu,,455000,458000,fixed,120600,,2039
otsu,,458000,461000,fixed,122300,,2040
otsu,,461000,464000,fixed,124100,,2041
otsu,,464000,467000,fixed,125700,,2042
otsu,,467000,470000,fixed,127400,,2043
otsu,,470000,473000,fixed,129200,,2044
otsu,,473000,476000,fixed,130800,,2045
otsu,,476000,479000,fixed,132400,,2046
otsu,,479000,482000,fixed,134100,,2047
otsu,,482000,485000,fixed,135600,,2048
otsu,,485000,488000,fixed,137200,,2049
otsu,,488000,491000,fixed,138900,,2050
otsu,,491000,494000,fixed,140500,,2051
otsu,,494000,497000,fixed,142000,,2052
otsu,,497000,500000,fixed,143700,,2053
otsu,,500000,503000,fixed,145300,,2054
otsu,,503000,506000,fixed,146900,,2055
otsu,,506000,509000,fixed,148500,,2056
otsu,,509000,512000,fixed,150100,,2057
otsu,,512000,515000,fixed,151700,,2058
otsu,,515000,518000,fixed,153400,,2059
otsu,,518000,521000,fixed,154900,,2060
otsu,,521000,524000,fixed,156500,,2061
otsu,,524000,527000,fixed,158200,,2062
otsu,,527000,530000,fixed,159800,,2063
otsu,,530000,533000,fixed,161300,,2064
otsu,,533000,536000,fixed,162700,,2065
otsu,,536000,539000,fixed,164300,,2066
otsu,,539000,542000,fixed,165700,,2067
otsu,,542000,545000,fixed,167100,,2068
otsu,,545000,548000,fixed,168700,,2069
otsu,,548000,551000,fixed,170100,,2070
otsu,,551000,554000,fixed,171600,,2071
otsu,,554000,557000,fixed,173100,,2072
otsu,,557000,560000,fixed,174500,,2073
otsu,,560000,563000,fixed,176000,,2074
otsu,,563000,566000,fixed,177400,,2075
otsu,,566000,569000,fixed,179000,,2076
otsu,,569000,572000,fixed,180400,,2077
otsu,,572000,575000,fixed,181800,,2078
otsu,,575000,578000,fixed,183400,,2079
otsu,,578000,581000,fixed,184800,,2080
otsu,,581000,584000,fixed,186300,,2081
otsu,,584000,587000,fixed,187800,,2082
otsu,,587000,590000,fixed,189200,,2083
otsu,,590000,593000,fixed,190700,,2084
otsu,,593000,596000,fixed,192200,,2085
otsu,,596000,599000,fixed,193700,,2086
otsu,,599000,602000,fixed,195100,,2087
otsu,,602000,605000,fixed,196500,,2088
otsu,,605000,608000,fixed,198100,,2089
otsu,,608000,611000,fixed,199500,,2090
otsu,,611000,614000,fixed,201000,,2091
otsu,,614000,617000,fixed,202500,,2092
otsu,,617000,620000,fixed,203900,,2093
otsu,,620000,623000,fixed,205400,,2094
otsu,,623000,626000,fixed,206900,,2095
otsu,,626000,629000,fixed,208400,,2096
otsu,,629000,632000,fixed,209800,,2097
otsu,,632000,635000,fixed,211200,,2098
otsu,,635000,638000,fixed,212800,,2099
otsu,,638000,641000,fixed,214200,,2100
otsu,,641000,644000,fixed,215700,,2101
otsu,,644000,647000,fixed,217000,,2102
otsu,,647000,650000,fixed,218000,,2103
otsu,,650000,653000,fixed,219000,,2104
otsu,,653000,656000,fixed,220000,,2105
otsu,,656000,659000,fixed,221000,,2106
otsu,,659000,662000,fixed,222100,,2107
otsu,,662000,665000,fixed,223100,,2108
otsu,,665000,668000,fixed,224100,,2109
otsu,,668000,671000,fixed,225000,,2110
otsu,,671000,674000,fixed,226000,,2111
otsu,,674000,677000,fixed,227100,,2112
otsu,,677000,680000,fixed,228100,,2113
otsu,,680000,683000,fixed,229100,,2114
otsu,,683000,686000,fixed,230100,,2115
otsu,,686000,689000,fixed,231200,,2116
otsu,,689000,692000,fixed,232800,,2117
otsu,,692000,695000,fixed,234300,,2118
otsu,,695000,698000,fixed,235900,,2119
otsu,,698000,701000,fixed,237400,,2120
otsu,,701000,704000,fixed,238900,,2121
otsu,,704000,707000,fixed,240400,,2122
otsu,,707000,710000,fixed,242000,,2123
otsu,,710000,713000,fixed,243600,,2124
otsu,,713000,716000,fixed,245100,,2125
otsu,,716000,719000,fixed,246700,,2126
otsu,,719000,722000,fixed,248200,,2127
otsu,,722000,725000,fixed,249700,,2128
otsu,,725000,728000,fixed,251300,,2129
otsu,,728000,731000,fixed,252800,,2130
otsu,,731000,734000,fixed,254400,,2131
otsu,,734000,737000,fixed,256000,,2132
otsu,,737000,740000,fixed,257500,,2133
otsu,,740000,1720000,marginal_floor,,"{""base_amount"":740000,""base_tax"":259000,""rate_numerator"":4084,""rate_denominator"":10000}",2134
otsu,,1720000,,marginal_floor,,"{""base_amount"":1720000,""base_tax"":659300,""rate_numerator"":45945,""rate_denominator"":100000}",2135
